,time_s,BLANK,BLANK,BLANK,BLANK,BLANK,BLANK,BLANK,BLANK,BLANK,BLANK,BLANK,BLANK,BLANK,BLANK,BLANK,BLANK,LS/AGFP,LS/AGFP,LS/AGFP,LS/AGFP,LS/AGFP,LS/AGFP,LS/AGFP,LS/AGFP,K/AGFP,K/AGFP,K/AGFP,K/AGFP,K/AGFP,K/AGFP,K/AGFP,K/AGFP
0,0.0,0.04668,0.04712,0.0502,0.04654,0.04722,0.04696,0.04954000000000001,0.04610000000000001,0.05038,0.052039999999999996,0.05112,0.05144,0.04803999999999999,0.05008,0.04824,0.04982,0.05412,0.05562,0.05534,0.054400000000000004,0.053459999999999994,0.05454,0.05397999999999999,0.05296000000000001,0.05412,0.05524,0.054900000000000004,0.05358,0.0531,0.05392,0.0541,0.05362
1,1897.791,0.047240000000000004,0.048,0.05332,0.0467,0.04726,0.0469,0.049519999999999995,0.04648000000000001,0.0511,0.05266,0.053059999999999996,0.05272,0.050480000000000004,0.05116,0.047760000000000004,0.05172,0.054380000000000005,0.05606,0.05566,0.05539999999999999,0.05397999999999999,0.05558,0.05396000000000001,0.05317999999999999,0.054000000000000006,0.055779999999999996,0.05602,0.05367999999999999,0.05364,0.05438,0.054900000000000004,0.056440000000000004
2,3795.572,0.04738,0.04826,0.055420000000000004,0.04668,0.047240000000000004,0.047,0.04948,0.04682,0.052680000000000005,0.05449999999999999,0.0538,0.05238,0.048459999999999996,0.05295999999999999,0.04868,0.05476000000000001,0.05466,0.056920000000000005,0.055979999999999995,0.056440000000000004,0.054599999999999996,0.056440000000000004,0.05452,0.053360000000000005,0.053680000000000005,0.05636,0.05658,0.05464,0.05436,0.05500000000000001,0.05721999999999999,0.06318
3,5693.353,0.04802000000000001,0.0492,0.05824,0.04698,0.047599999999999996,0.04688,0.04945999999999999,0.04654,0.05308,0.05611999999999999,0.055459999999999995,0.05434,0.05,0.054180000000000006,0.05023999999999999,0.056380000000000006,0.05504,0.057420000000000006,0.05632,0.057059999999999986,0.05544,0.057100000000000005,0.05532,0.05399999999999999,0.05364,0.06083999999999999,0.05739999999999999,0.05788,0.055459999999999995,0.05728,0.0581,0.0615
4,7591.032,0.04844,0.049260000000000005,0.06011999999999999,0.04773999999999999,0.047619999999999996,0.04708,0.04973999999999999,0.04664,0.05314,0.058519999999999996,0.05514,0.05602,0.05262,0.054220000000000004,0.051000000000000004,0.0586,0.05524,0.05796000000000001,0.056600000000000004,0.05786,0.055600000000000004,0.05802,0.05554,0.05438,0.05367999999999999,0.061020000000000005,0.05828,0.0571,0.05556000000000001,0.05826,0.06082,0.06342
5,9488.702,0.048819999999999995,0.0497,0.062060000000000004,0.04714,0.04773999999999999,0.04682,0.049659999999999996,0.046560000000000004,0.05654,0.05564,0.05467999999999999,0.05504,0.04996,0.05524,0.051739999999999994,0.058179999999999996,0.05546000000000001,0.05846,0.05678000000000001,0.05846,0.05582,0.05854,0.05534,0.054720000000000005,0.053500000000000006,0.0612,0.06108,0.05898,0.05600000000000001,0.05789999999999999,0.060419999999999995,0.06722
6,11386.529,0.0491,0.05162,0.06312,0.047659999999999994,0.047839999999999994,0.04688,0.04956000000000001,0.04638,0.05611999999999999,0.057479999999999996,0.05108,0.05586000000000001,0.0506,0.05666,0.05304,0.06164000000000001,0.055499999999999994,0.0591,0.05775999999999999,0.058699999999999995,0.056220000000000006,0.059199999999999996,0.0558,0.0553,0.05342,0.07032000000000001,0.06316,0.061419999999999995,0.057319999999999996,0.05689999999999999,0.06416,0.07176
7,13284.507,0.0493,0.04977999999999999,0.06355999999999999,0.04718,0.047439999999999996,0.046799999999999994,0.049460000000000004,0.04632000000000001,0.0493,0.05842000000000001,0.05412,0.0566,0.05244,0.05532,0.05369999999999999,0.06426000000000001,0.05562,0.060640000000000006,0.05728,0.059140000000000005,0.05638,0.05948,0.05639999999999999,0.05524,0.05334,0.06578,0.06436,0.06108,0.05732,0.06412,0.061840000000000006,0.07189999999999999
8,15182.434,0.04984,0.05072,0.06444,0.04772,0.04766,0.04684,0.04958,0.046239999999999996,0.0493,0.05996,0.05222,0.054079999999999996,0.0509,0.05567999999999999,0.05354,0.06273999999999999,0.05558,0.06076,0.05746,0.05946,0.05614,0.05958,0.05588,0.05566,0.05314,0.06638,0.06570000000000001,0.06645999999999999,0.05806,0.06546,0.06284,0.07842000000000002
9,17080.497,0.050280000000000005,0.0506,0.06532,0.047939999999999997,0.0486,0.04753999999999999,0.0498,0.04646,0.0501,0.05948,0.05302,0.05462,0.05462,0.05728,0.05566,0.0619,0.05606,0.0606,0.058199999999999995,0.06008,0.05696,0.06083999999999999,0.05826,0.05686,0.0538,0.07886,0.07186000000000001,0.0732,0.058940000000000006,0.058640000000000005,0.07076,0.09304
10,18978.483,0.0502,0.050780000000000006,0.06644000000000001,0.04818,0.048159999999999994,0.047599999999999996,0.05006000000000001,0.04684,0.050960000000000005,0.06018,0.05349999999999999,0.054200000000000005,0.053079999999999995,0.0595,0.056580000000000005,0.064,0.055959999999999996,0.06284000000000001,0.05802,0.06038,0.056679999999999994,0.06061999999999999,0.05954,0.05639999999999999,0.0534,0.07687999999999999,0.06802,0.0665,0.059899999999999995,0.06767999999999999,0.07465999999999999,0.08746000000000001
11,20876.401,0.050760000000000007,0.05144,0.06685999999999999,0.0486,0.04818,0.047439999999999996,0.049839999999999995,0.04672,0.0506,0.06194000000000001,0.055099999999999996,0.05571999999999999,0.05114,0.0593,0.05308,0.061919999999999996,0.05600000000000001,0.06196,0.05811999999999999,0.06106,0.056519999999999994,0.06055999999999999,0.05798,0.05666,0.05362,0.08258000000000001,0.07324,0.07204,0.060020000000000004,0.07564,0.0683,0.08684
12,22774.249,0.050960000000000005,0.05092,0.06744,0.048479999999999995,0.048240000000000005,0.04746,0.05007999999999999,0.04662,0.0519,0.06294,0.0528,0.054860000000000006,0.05399999999999999,0.057580000000000006,0.05276000000000001,0.06248,0.05634,0.06057999999999999,0.058440000000000006,0.06078,0.05674,0.06104,0.059239999999999994,0.058100000000000006,0.05373999999999999,0.08194000000000001,0.07748,0.06892000000000001,0.06182,0.06854,0.07084,0.09186000000000001
13,24672.014,0.05108,0.05108,0.06822,0.04904,0.0486,0.04776,0.05017999999999999,0.047,0.0521,0.06254,0.05606,0.05432,0.053779999999999994,0.05740000000000001,0.053000000000000005,0.06058,0.056220000000000006,0.06082,0.05856,0.06106,0.05682,0.0615,0.06108,0.05766,0.05347999999999999,0.0737,0.07026,0.0742,0.061880000000000004,0.0619,0.07587999999999999,0.09754
14,26569.784,0.05095999999999999,0.05166,0.0686,0.0494,0.048799999999999996,0.047700000000000006,0.0506,0.047099999999999996,0.052539999999999996,0.0622,0.05526,0.05626,0.05334,0.05454,0.05023999999999999,0.05876,0.056299999999999996,0.06215999999999999,0.05920000000000001,0.06342,0.05676,0.06108,0.05928,0.05846,0.05347999999999999,0.07604,0.07074,0.0655,0.0605,0.07002,0.07433999999999999,0.0985
15,28467.582,0.050960000000000005,0.05144,0.06939999999999999,0.049280000000000004,0.04912,0.04803999999999999,0.05022,0.04722,0.05312,0.061560000000000004,0.056400000000000006,0.05534,0.05144,0.05586,0.04832,0.059399999999999994,0.05626,0.06114000000000001,0.059120000000000006,0.06208,0.05676,0.062479999999999994,0.06158,0.058219999999999994,0.05332,0.07072,0.06992,0.06648000000000001,0.05974,0.06966,0.07568,0.10132
16,30365.373,0.0511,0.051759999999999994,0.06966,0.04924,0.04854000000000001,0.04772,0.0503,0.04716,0.05406,0.06044000000000001,0.05518000000000001,0.05442,0.0491,0.05582,0.0483,0.06028,0.05624,0.06248,0.06038,0.0635,0.05702,0.06235999999999999,0.05963999999999999,0.0586,0.053259999999999995,0.07322,0.07146,0.06345999999999999,0.05896,0.07154,0.07632000000000001,0.09606
17,32262.977,0.05144,0.05166,0.07003999999999999,0.04936,0.049,0.047799999999999995,0.05062,0.04695999999999999,0.05504,0.0606,0.05518000000000001,0.05448000000000001,0.0517,0.05582,0.04826000000000001,0.06002,0.05632,0.06386,0.0611,0.06348000000000001,0.05720000000000001,0.06228,0.05922000000000001,0.05756,0.05332,0.08071999999999999,0.07334,0.0671,0.0603,0.06652,0.07724,0.09682
18,34160.901,0.05116,0.05162,0.07048,0.04976,0.04922,0.04772,0.05066,0.04678,0.05108,0.06266000000000001,0.05402,0.05136,0.05005999999999999,0.0546,0.05042,0.060840000000000005,0.056100000000000004,0.06438,0.060840000000000005,0.06366,0.05806,0.06098,0.059899999999999995,0.05756,0.05314,0.07968,0.07246,0.0703,0.060340000000000005,0.06728,0.07882,0.10306
19,36058.896,0.05158,0.051539999999999996,0.07124,0.05,0.04934000000000001,0.04778,0.050280000000000005,0.0465,0.04968,0.06322,0.05376000000000001,0.0539,0.050519999999999995,0.05393999999999999,0.0494,0.06118,0.056220000000000006,0.06416,0.06215999999999999,0.06399999999999999,0.05754,0.061439999999999995,0.05895999999999999,0.057679999999999995,0.05312,0.08668000000000001,0.07184,0.07293999999999999,0.061880000000000004,0.07358,0.08112,0.10342
20,37956.907,0.05158,0.05177999999999999,0.07118,0.04974,0.049319999999999996,0.0474,0.050480000000000004,0.04648000000000001,0.050879999999999995,0.06323999999999999,0.0529,0.05262,0.049760000000000006,0.05438,0.050019999999999995,0.0624,0.05654,0.06862,0.0628,0.06412,0.057199999999999994,0.06161999999999999,0.059199999999999996,0.05943999999999999,0.05304,0.08296,0.07451999999999999,0.06906,0.05952,0.07386000000000001,0.08141999999999999,0.1068
21,39854.82,0.05164,0.051859999999999996,0.07236000000000001,0.05025999999999999,0.04918,0.047159999999999994,0.05017999999999999,0.046299999999999994,0.050980000000000004,0.06306,0.05149999999999999,0.052000000000000005,0.04952,0.054279999999999995,0.049980000000000004,0.0628,0.056319999999999995,0.06988,0.06332,0.06428,0.05720000000000001,0.0623,0.05950000000000001,0.06038,0.05294,0.07764,0.07626,0.07532000000000001,0.060840000000000005,0.0781,0.08292,0.10837999999999999
22,41752.8,0.05232,0.051759999999999994,0.07194,0.049980000000000004,0.049319999999999996,0.046919999999999996,0.0501,0.04628,0.05208,0.06358,0.05278000000000001,0.05288,0.049819999999999996,0.05428000000000001,0.048600000000000004,0.06420000000000001,0.05664,0.06708,0.06448000000000001,0.0639,0.0581,0.061739999999999996,0.05932,0.06126,0.05304,0.08422,0.07688,0.07168,0.060899999999999996,0.07744,0.07977999999999999,0.10446
23,43650.545,0.05162,0.0521,0.0722,0.0502,0.049139999999999996,0.04706,0.05012,0.04628,0.05272,0.06498,0.05286,0.05406,0.0505,0.054120000000000015,0.05154000000000001,0.06386,0.056580000000000005,0.06921999999999999,0.06455999999999999,0.06398000000000001,0.05788,0.06294,0.060160000000000005,0.06282000000000001,0.05304,0.08570000000000001,0.07478,0.07039999999999999,0.06144000000000001,0.07382,0.0789,0.10500000000000001
24,45548.363,0.05212,0.05182,0.07239999999999999,0.04992,0.0491,0.04692,0.05016,0.046259999999999996,0.05342,0.06676,0.0529,0.053059999999999996,0.05212,0.05454,0.05034000000000001,0.06345999999999999,0.056679999999999994,0.06520000000000001,0.06470000000000001,0.06486,0.05808,0.06254,0.06222,0.06428,0.053059999999999996,0.07646,0.07688,0.0754,0.06208,0.0728,0.06794,0.10094
25,47446.166,0.052239999999999995,0.05172,0.07258,0.04948,0.048780000000000004,0.04676,0.049839999999999995,0.04598,0.05413999999999999,0.06656000000000001,0.05367999999999999,0.05351999999999999,0.05228000000000001,0.054279999999999995,0.04916,0.06542,0.056499999999999995,0.06068,0.06122,0.0646,0.05796,0.06218,0.06098,0.06304,0.0529,0.08715999999999999,0.07604,0.06814,0.06232,0.07354,0.07176,0.09036000000000001
26,49343.79,0.0524,0.052059999999999995,0.07294,0.04982,0.0492,0.04696,0.050019999999999995,0.0464,0.05669999999999999,0.06504,0.05242,0.05466,0.052039999999999996,0.054279999999999995,0.04954,0.06717999999999999,0.05676,0.0616,0.0616,0.06568,0.05841999999999999,0.061939999999999995,0.0622,0.0654,0.053200000000000004,0.08266,0.07755999999999999,0.06862,0.06420000000000001,0.07260000000000001,0.07088,0.08874
27,51241.579,0.052259999999999994,0.05208,0.07312,0.04988,0.04925999999999999,0.04684,0.04992,0.0465,0.055600000000000004,0.06592,0.05282,0.054099999999999995,0.051519999999999996,0.055900000000000005,0.053279999999999994,0.0666,0.05664,0.062060000000000004,0.06308,0.06544000000000001,0.05854,0.06255999999999999,0.06394,0.06644,0.05312,0.08102000000000001,0.0771,0.06744,0.06426,0.07192,0.07216,0.08478
28,53139.435,0.05238,0.05206000000000001,0.07324,0.049819999999999996,0.049179999999999995,0.046939999999999996,0.05018,0.04624,0.05116,0.06566,0.058219999999999994,0.056979999999999996,0.0503,0.055499999999999994,0.05176000000000001,0.06674,0.05666,0.06155999999999999,0.06428,0.06470000000000001,0.05940000000000001,0.06255999999999999,0.0652,0.06462,0.05317999999999999,0.08279999999999998,0.08091999999999999,0.07566000000000002,0.06512,0.07006000000000001,0.06573999999999999,0.0858
29,55037.409,0.05244,0.052239999999999995,0.07364,0.049920000000000006,0.0492,0.04696,0.05005999999999999,0.046540000000000005,0.051039999999999995,0.06599999999999999,0.054580000000000004,0.05514,0.05038,0.056519999999999994,0.05404,0.06638,0.056620000000000004,0.06232,0.06323999999999999,0.06316000000000001,0.05878,0.06316000000000001,0.06582000000000002,0.06237999999999999,0.05312,0.08180000000000001,0.07787999999999999,0.06658,0.06714,0.06470000000000001,0.06892000000000001,0.09147999999999999
30,56935.282,0.05249999999999999,0.05222,0.07346,0.05012,0.04932,0.04684000000000001,0.05016,0.04634,0.05322,0.06586,0.05498000000000001,0.05484,0.05012000000000001,0.05684,0.05319999999999999,0.06658,0.05688000000000001,0.06339999999999998,0.06466000000000001,0.06392,0.06068,0.06373999999999999,0.06672,0.06058,0.05316,0.08820000000000001,0.07776000000000001,0.07505999999999999,0.0674,0.06484,0.06928,0.08732
31,58833.343,0.05272,0.052160000000000005,0.07336000000000001,0.04994,0.04956000000000001,0.0469,0.05018,0.04632,0.05344,0.06639999999999999,0.05516000000000001,0.05194,0.05036,0.05842000000000001,0.0531,0.06498,0.056620000000000004,0.06295999999999999,0.06556,0.0617,0.05996,0.06466000000000001,0.0652,0.0621,0.05352,0.0814,0.07592,0.073,0.06853999999999999,0.06522000000000001,0.06760000000000001,0.08227999999999999
32,60731.136,0.052879999999999996,0.05214,0.07365999999999999,0.05014,0.049620000000000004,0.04696,0.05022,0.046740000000000004,0.05489999999999999,0.06752,0.05488,0.0519,0.05064,0.05948,0.05008,0.06237999999999999,0.05698000000000001,0.06237999999999999,0.06577999999999999,0.062439999999999996,0.0624,0.06492,0.0659,0.06418,0.05392000000000001,0.08420000000000001,0.07669999999999999,0.06924,0.06952,0.06694,0.06926000000000002,0.07664
33,62628.938,0.05294,0.0528,0.07422,0.05032,0.0497,0.047040000000000005,0.05058,0.046560000000000004,0.05464,0.06717999999999999,0.05766,0.053380000000000004,0.052700000000000004,0.058219999999999994,0.0524,0.06246,0.05678,0.0626,0.06706,0.06233999999999999,0.06376000000000001,0.06592,0.06420000000000001,0.06298000000000001,0.053559999999999997,0.08385999999999999,0.07662,0.07431999999999998,0.07006,0.06526,0.06982,0.06432
34,64526.777,0.05294,0.0526,0.074,0.05025999999999999,0.049879999999999994,0.0472,0.050280000000000005,0.04666,0.055299999999999995,0.06792000000000001,0.05700000000000001,0.05506,0.049819999999999996,0.05795999999999999,0.04926,0.06174,0.05676,0.06124,0.06438,0.06146,0.063,0.06738,0.06162000000000001,0.05608,0.05382,0.07996,0.0802,0.07007999999999999,0.07026000000000002,0.06274,0.07216,0.06648000000000001
35,66424.409,0.05282,0.052539999999999996,0.07446,0.05025999999999999,0.049760000000000006,0.047,0.0503,0.0472,0.05419999999999999,0.069,0.05608,0.05482,0.0499,0.059739999999999994,0.048819999999999995,0.0622,0.05682,0.060739999999999995,0.06108,0.061919999999999996,0.06342,0.06724,0.05828,0.05688,0.0541,0.08476,0.07524,0.07382,0.07094000000000002,0.06548,0.0697,0.0709
36,68322.251,0.0536,0.05364,0.07494,0.05032000000000001,0.04954,0.046959999999999995,0.05032,0.04772,0.05126000000000001,0.06972,0.055920000000000004,0.05434,0.05147999999999999,0.05898,0.048560000000000006,0.06416,0.05720000000000001,0.060399999999999995,0.05893999999999999,0.06216000000000001,0.06770000000000001,0.07002,0.059660000000000005,0.05684,0.05494,0.08398,0.07664,0.07292000000000001,0.07139999999999999,0.06558,0.07114000000000001,0.06774
37,70220.263,0.0529,0.053180000000000005,0.07508,0.05044,0.04962,0.047099999999999996,0.0501,0.04882,0.05334,0.06914000000000001,0.057479999999999996,0.05462,0.05092,0.06068,0.049659999999999996,0.06317999999999999,0.056940000000000004,0.06033999999999999,0.05933999999999999,0.06356,0.06520000000000001,0.07017999999999999,0.06104,0.05876,0.054959999999999995,0.07572,0.07514,0.07698,0.06964000000000001,0.06394000000000001,0.06998,0.07056
38,72118.258,0.053279999999999994,0.05332,0.07568,0.0506,0.04972,0.04724,0.0502,0.04912000000000001,0.0523,0.0689,0.05796,0.0546,0.050940000000000006,0.06420000000000001,0.048920000000000005,0.06308,0.0571,0.060399999999999995,0.06013999999999999,0.06369999999999999,0.06382000000000002,0.07324,0.06172,0.06018,0.05458,0.06992000000000001,0.0746,0.0707,0.06876,0.06566,0.06870000000000001,0.06965999999999999
39,74016.199,0.0539,0.053380000000000004,0.07571999999999998,0.0508,0.04968,0.04744,0.0504,0.048240000000000005,0.055279999999999996,0.06602,0.05824,0.05452,0.05114,0.05954,0.04974,0.06482,0.0573,0.06108,0.06098,0.06406,0.06704,0.07211999999999999,0.06102,0.05888,0.05464,0.06896,0.0738,0.07728,0.07134,0.0673,0.06695999999999999,0.06966
40,75914.101,0.053239999999999996,0.05284,0.076,0.0505,0.04994,0.04701999999999999,0.050140000000000004,0.047760000000000004,0.054479999999999994,0.0659,0.05586000000000001,0.05436,0.0539,0.05708,0.0518,0.06458,0.05726,0.06018,0.06132,0.06446,0.06576,0.07339999999999999,0.06178,0.06155999999999999,0.054400000000000004,0.07338,0.0796,0.07361999999999999,0.07193999999999999,0.066,0.06442,0.06932
41,77811.767,0.053700000000000005,0.05271999999999999,0.07564,0.05072000000000001,0.049839999999999995,0.04726,0.05023999999999999,0.047040000000000005,0.055940000000000004,0.06714,0.05178000000000001,0.05606000000000001,0.05317999999999999,0.054580000000000004,0.05245999999999999,0.07067999999999999,0.057479999999999996,0.060739999999999995,0.06124,0.06406,0.0655,0.07606,0.06296,0.06061999999999999,0.053200000000000004,0.06604,0.07594000000000001,0.07719999999999999,0.07156000000000001,0.06348000000000001,0.06626,0.06634
42,79709.431,0.0534,0.05289999999999999,0.07574,0.050780000000000006,0.04994,0.04726,0.05042,0.04664,0.05489999999999999,0.0674,0.05296000000000001,0.05406,0.053459999999999994,0.05458,0.05176000000000001,0.06626,0.057179999999999995,0.06080000000000001,0.062380000000000005,0.0638,0.06455999999999999,0.07577999999999999,0.06359999999999999,0.06048,0.052680000000000005,0.07132000000000001,0.07832,0.07892,0.07136,0.05978,0.06461999999999998,0.06620000000000001
43,81607.082,0.05334,0.05296000000000001,0.07582,0.05064,0.0498,0.04734,0.0503,0.04666,0.05611999999999999,0.06799999999999999,0.05396000000000001,0.05516,0.05354,0.055220000000000005,0.05222,0.06820000000000001,0.05724,0.061459999999999994,0.06214000000000001,0.062240000000000004,0.06592,0.0727,0.06582,0.062240000000000004,0.05252,0.06896,0.07908,0.07214000000000001,0.07268,0.06096,0.0651,0.0653
44,83504.853,0.05354,0.05282,0.07586,0.050980000000000004,0.04958,0.047439999999999996,0.05042,0.0465,0.05066,0.0702,0.0538,0.05442,0.052099999999999994,0.05456,0.05364,0.07026,0.057199999999999994,0.0625,0.06164000000000001,0.06298000000000001,0.06724,0.0693,0.06523999999999999,0.06104,0.05242,0.06828,0.06996,0.07271999999999999,0.07138,0.06148,0.06115999999999999,0.06567999999999999
45,85402.719,0.053779999999999994,0.05282,0.07642,0.05114,0.04962,0.04738,0.05018,0.046720000000000005,0.053239999999999996,0.06866000000000001,0.05512,0.055099999999999996,0.05347999999999999,0.05678,0.052239999999999995,0.06736,0.057420000000000006,0.06322000000000001,0.060880000000000004,0.06226,0.0682,0.0698,0.06522000000000001,0.05974,0.05245999999999999,0.07067999999999999,0.07044000000000002,0.077,0.06776,0.06233999999999999,0.0606,0.058899999999999994
46,87300.6,0.053500000000000006,0.052759999999999994,0.0767,0.051280000000000006,0.04994,0.0475,0.05023999999999999,0.04664,0.05398000000000001,0.07048000000000001,0.05614,0.05454,0.051680000000000004,0.056380000000000006,0.0504,0.06642,0.05728,0.0633,0.06106,0.061840000000000006,0.06644,0.0693,0.06798000000000001,0.0591,0.05242,0.06848,0.0732,0.07958,0.06455999999999999,0.0627,0.06496,0.05244000000000001
47,89198.654,0.053860000000000005,0.05284,0.07658000000000001,0.051359999999999996,0.049659999999999996,0.04754,0.050339999999999996,0.046579999999999996,0.05352,0.06970000000000001,0.05746,0.054279999999999995,0.052739999999999995,0.05576,0.05122,0.06581999999999999,0.05746,0.06434,0.06046,0.0615,0.05846,0.06926,0.06666,0.056979999999999996,0.05252000000000001,0.06472000000000001,0.07061999999999999,0.07296,0.06289999999999998,0.061399999999999996,0.06217999999999999,0.05378000000000001
48,91096.298,0.054000000000000006,0.053200000000000004,0.07683999999999999,0.0514,0.04986,0.04766,0.05025999999999999,0.0466,0.05442,0.0672,0.05567999999999999,0.05367999999999999,0.05402,0.05519999999999999,0.05082,0.06495999999999999,0.057440000000000005,0.061919999999999996,0.06108,0.061380000000000004,0.057319999999999996,0.06874,0.06698,0.056420000000000005,0.05252,0.06599999999999999,0.06892,0.07232,0.06788,0.06258,0.06323999999999999,0.05591999999999999
49,92993.964,0.05382,0.05314,0.07726,0.05144,0.0498,0.04734,0.0504,0.04652,0.05466,0.06617999999999999,0.05708,0.05454,0.0536,0.058120000000000005,0.05,0.06295999999999999,0.05756,0.0602,0.06144000000000001,0.062459999999999995,0.057479999999999996,0.07050000000000001,0.06882,0.056679999999999994,0.052500000000000005,0.06517999999999999,0.06886,0.06728,0.06402000000000001,0.06133999999999999,0.05908,0.05616
50,94891.763,0.05408,0.05302,0.07748,0.05158,0.0497,0.04722,0.05044,0.04676,0.05656000000000001,0.06910000000000001,0.05584,0.053660000000000006,0.0505,0.05654,0.051280000000000006,0.06308,0.05746,0.059699999999999996,0.06148,0.061739999999999996,0.058120000000000005,0.06817999999999999,0.06656000000000001,0.0583,0.05244,0.06516,0.07208,0.06932,0.0648,0.05911999999999999,0.05836,0.058399999999999994
51,96789.238,0.05386,0.05279999999999999,0.07752,0.051500000000000004,0.04988,0.04776,0.05047999999999999,0.04722,0.05367999999999999,0.06921999999999999,0.05544,0.05382,0.0519,0.05782,0.052500000000000005,0.06414,0.057800000000000004,0.05948,0.06158,0.06196,0.058719999999999994,0.07058,0.065,0.05796,0.052539999999999996,0.06432,0.07196,0.06676,0.06462,0.06227999999999999,0.05308,0.060660000000000006
52,98686.961,0.05414,0.05295999999999999,0.07738,0.05186,0.049640000000000004,0.047900000000000005,0.05044,0.046959999999999995,0.051859999999999996,0.06774,0.05508,0.05294,0.05322,0.056979999999999996,0.05122,0.06348000000000001,0.057679999999999995,0.05954,0.05886,0.06214000000000001,0.05996,0.06943999999999999,0.05806,0.056620000000000004,0.05262,0.06439999999999999,0.07282000000000001,0.06706000000000001,0.06520000000000001,0.06083999999999999,0.05344,0.058519999999999996
53,100584.949,0.0548,0.05304,0.07738,0.05188,0.04976,0.04808,0.05038,0.04784,0.05322,0.07050000000000001,0.05274000000000001,0.05454000000000001,0.052360000000000004,0.057999999999999996,0.05402,0.06670000000000001,0.05820000000000001,0.060219999999999996,0.05876,0.061,0.059660000000000005,0.06627999999999999,0.05904,0.05677999999999998,0.05274000000000001,0.06536,0.07066,0.06504000000000001,0.06334,0.06048,0.05322,0.05700000000000001
54,102482.94,0.05389999999999999,0.05316,0.07708,0.052160000000000005,0.0496,0.048159999999999994,0.05005999999999999,0.04728,0.05302,0.06868,0.05416000000000001,0.054200000000000005,0.05125999999999999,0.06076,0.0534,0.06724,0.05774,0.06008,0.058719999999999994,0.0596,0.05908,0.06364,0.05940000000000001,0.05834,0.0526,0.06466000000000001,0.06910000000000001,0.06423999999999999,0.06656000000000001,0.06482,0.05258,0.05544
55,104380.843,0.053680000000000005,0.05266,0.07762,0.05172,0.049819999999999996,0.04784000000000001,0.05,0.047040000000000005,0.05436,0.06986,0.05362,0.05628,0.055200000000000006,0.0546,0.051160000000000004,0.06588000000000001,0.05788,0.05993999999999999,0.05920000000000001,0.05926,0.0595,0.062139999999999994,0.05996,0.058399999999999994,0.05242,0.06616000000000001,0.06985999999999999,0.06392,0.06867999999999999,0.06520000000000001,0.05286,0.05674000000000001
56,106278.717,0.054200000000000005,0.05388,0.07814,0.05212,0.05014,0.048319999999999995,0.05023999999999999,0.047900000000000005,0.05556,0.06763999999999999,0.05788,0.05526,0.05454,0.056940000000000004,0.050960000000000005,0.0674,0.058039999999999994,0.060239999999999995,0.05943999999999999,0.05946,0.05965999999999999,0.062,0.06011999999999999,0.05834,0.052500000000000005,0.06634,0.0695,0.06532,0.06626,0.06420000000000001,0.0534,0.0573
57,108176.641,0.054000000000000006,0.053239999999999996,0.07827999999999999,0.0518,0.0496,0.04798,0.0503,0.04801999999999999,0.05331999999999999,0.06695999999999999,0.05600000000000001,0.05589999999999999,0.052379999999999996,0.05722000000000001,0.04934000000000001,0.06762,0.058019999999999995,0.06018,0.0593,0.05958,0.059199999999999996,0.06284,0.061020000000000005,0.05938000000000001,0.05242,0.06366000000000001,0.0688,0.06386,0.06662,0.06326,0.05398000000000001,0.054759999999999996
58,110074.402,0.05389999999999999,0.053239999999999996,0.07880000000000001,0.051739999999999994,0.05,0.04812,0.05072,0.04846,0.056679999999999994,0.06899999999999999,0.05582,0.0546,0.0548,0.05840000000000001,0.050640000000000004,0.06548000000000001,0.058219999999999994,0.0602,0.06000000000000001,0.059539999999999996,0.060880000000000004,0.06355999999999999,0.06228,0.05958,0.0524,0.06634,0.06846,0.06266000000000001,0.06318,0.06346,0.05417999999999999,0.05636
59,111972.226,0.0541,0.05312,0.07880000000000001,0.05149999999999999,0.05012000000000001,0.0479,0.05044,0.04842,0.054580000000000004,0.06782,0.055420000000000004,0.056999999999999995,0.05362,0.05960000000000001,0.050640000000000004,0.06971999999999999,0.058300000000000005,0.0606,0.0596,0.059919999999999994,0.0593,0.06456,0.060880000000000004,0.05906,0.05244,0.06486,0.06894,0.06334,0.06132,0.0627,0.05439999999999999,0.05724
60,113870.101,0.05402,0.05342,0.0786,0.051680000000000004,0.05005999999999999,0.048260000000000004,0.05038,0.049,0.05462,0.06966,0.057539999999999994,0.055700000000000006,0.05608,0.05724,0.0507,0.06728,0.058519999999999996,0.06065999999999999,0.05958,0.06,0.05878,0.063,0.05978,0.05636,0.052559999999999996,0.06616000000000001,0.06920000000000001,0.06624,0.055999999999999994,0.06122000000000001,0.054380000000000005,0.056940000000000004
61,115767.958,0.05426000000000001,0.053180000000000005,0.07826,0.05114,0.04984,0.04908,0.05038,0.0485,0.05486,0.07082,0.05774,0.056420000000000005,0.057519999999999995,0.05669999999999999,0.05038,0.06738,0.058519999999999996,0.060640000000000006,0.060259999999999994,0.06046,0.05878,0.06122,0.0601,0.056920000000000005,0.05256000000000001,0.06572,0.06804,0.06488000000000001,0.05576,0.054959999999999995,0.05478000000000001,0.05674
62,117665.788,0.054220000000000004,0.053099999999999994,0.07833999999999999,0.05166,0.049920000000000006,0.04858,0.05,0.048920000000000005,0.05456,0.07010000000000001,0.05786,0.055779999999999996,0.05394,0.05564,0.05144,0.06722,0.058399999999999994,0.060919999999999995,0.06013999999999999,0.05943999999999999,0.059160000000000004,0.05974,0.061040000000000004,0.05689999999999999,0.05236,0.06802,0.06756,0.06428,0.05639999999999999,0.055420000000000004,0.055279999999999996,0.05736
63,119563.9,0.05416,0.053059999999999996,0.07855999999999999,0.05129999999999999,0.049620000000000004,0.04832,0.05008,0.04892,0.05454,0.06892000000000001,0.05711999999999999,0.05554,0.053200000000000004,0.05578000000000001,0.05134,0.06736,0.05840000000000001,0.06032,0.06038,0.06096,0.059039999999999995,0.060340000000000005,0.06232000000000001,0.05813999999999999,0.0523,0.06645999999999999,0.06788000000000001,0.0595,0.05656,0.058140000000000004,0.05578000000000001,0.0605
64,121461.743,0.053720000000000004,0.05294000000000001,0.07846,0.051739999999999994,0.049659999999999996,0.047959999999999996,0.05025999999999999,0.0484,0.05608,0.06788000000000001,0.06002,0.05876,0.05517999999999999,0.05808,0.0531,0.06938,0.05876,0.05998,0.0601,0.06011999999999999,0.05913999999999999,0.06146,0.06344000000000001,0.05833999999999999,0.052500000000000005,0.06732000000000002,0.06644,0.059660000000000005,0.05676,0.05824,0.056179999999999994,0.05620000000000001
65,123359.578,0.05388,0.052700000000000004,0.07846,0.051539999999999996,0.04984000000000001,0.047119999999999995,0.0499,0.047740000000000005,0.053099999999999994,0.06938,0.05728,0.05500000000000001,0.0514,0.05756,0.0529,0.06836,0.05884,0.06008,0.06046,0.06028,0.059539999999999996,0.06268,0.06437999999999999,0.05968,0.052739999999999995,0.06082,0.06784,0.06355999999999999,0.056920000000000005,0.05524,0.05691999999999999,0.05432
66,125257.441,0.05386,0.05284,0.07852,0.051539999999999996,0.049640000000000004,0.0473,0.050039999999999994,0.047,0.05582,0.06912,0.05442,0.05656,0.05598000000000001,0.06096,0.05494,0.06388,0.058940000000000006,0.0603,0.0607,0.06113999999999999,0.059820000000000005,0.0616,0.0644,0.05816,0.05258,0.06215999999999999,0.06792000000000001,0.060320000000000006,0.05740000000000001,0.055580000000000004,0.05761999999999999,0.05282
67,127155.194,0.0543,0.05334,0.07887999999999999,0.05134,0.04967999999999999,0.047319999999999994,0.049980000000000004,0.0465,0.054400000000000004,0.06984,0.05506,0.05424,0.05192,0.05808,0.05314,0.06594,0.059179999999999996,0.060719999999999996,0.060719999999999996,0.059899999999999995,0.060880000000000004,0.06196,0.06124,0.0596,0.052739999999999995,0.06026,0.06473999999999999,0.06428,0.05664,0.05397999999999999,0.05784,0.05214
68,129052.778,0.05412,0.05317999999999999,0.07849999999999999,0.05164,0.0498,0.0473,0.0502,0.04651999999999999,0.05678,0.07184,0.05654,0.05556,0.056679999999999994,0.05718000000000001,0.054459999999999995,0.06495999999999999,0.0593,0.06135999999999999,0.060660000000000006,0.060660000000000006,0.061880000000000004,0.06376,0.06146,0.059320000000000005,0.052680000000000005,0.06124,0.06591999999999999,0.06402,0.057100000000000005,0.054900000000000004,0.059399999999999994,0.05232
69,130950.861,0.05478000000000001,0.053079999999999995,0.07866,0.05232,0.049780000000000005,0.04708,0.04998,0.046740000000000004,0.05414,0.07056,0.056459999999999996,0.0536,0.05367999999999999,0.057519999999999995,0.0516,0.06402,0.05948,0.061040000000000004,0.061419999999999995,0.059,0.06020000000000001,0.06362,0.061040000000000004,0.06178,0.05286,0.059340000000000004,0.06154,0.06544,0.05676,0.05434000000000001,0.058719999999999994,0.05279999999999999
70,132848.844,0.05419999999999999,0.053000000000000005,0.07864,0.052259999999999994,0.049780000000000005,0.04728,0.04994,0.04662,0.05382,0.06812,0.05855999999999999,0.053880000000000004,0.055420000000000004,0.05724,0.053160000000000006,0.0658,0.0596,0.06178,0.0618,0.05892000000000001,0.05992000000000001,0.06404000000000001,0.06426000000000001,0.06178,0.052559999999999996,0.060340000000000005,0.059899999999999995,0.06498,0.05678,0.0551,0.060840000000000005,0.05249999999999999
71,134746.674,0.05444,0.05292,0.07876,0.052500000000000005,0.049679999999999995,0.04722,0.049960000000000004,0.04624,0.05766,0.06961999999999999,0.05958,0.05504,0.05294000000000001,0.055999999999999994,0.053660000000000006,0.06814,0.05956,0.0621,0.06272,0.05926,0.06006,0.06492,0.06334,0.06104,0.0524,0.060540000000000004,0.06011999999999999,0.06505999999999999,0.05706,0.058699999999999995,0.0593,0.052579999999999995
72,136644.522,0.05442,0.052980000000000006,0.07918,0.052140000000000006,0.04966,0.04722,0.049819999999999996,0.04686,0.057679999999999995,0.06978,0.05582,0.05358,0.0509,0.055459999999999995,0.0523,0.06993999999999999,0.059820000000000005,0.061919999999999996,0.06202,0.05935999999999999,0.0606,0.06392,0.06414,0.0642,0.05252,0.06,0.05992000000000001,0.06054,0.05738000000000001,0.06024,0.059660000000000005,0.0536
73,138542.268,0.05411999999999999,0.0528,0.07931999999999999,0.051859999999999996,0.04962,0.04714,0.05012,0.04673999999999999,0.05442,0.07242,0.05466,0.05328000000000001,0.0512,0.05686,0.05072,0.06872,0.05976,0.06162000000000001,0.0603,0.059620000000000006,0.06094000000000001,0.06254,0.06326000000000001,0.06246,0.052360000000000004,0.05846,0.06258,0.06108,0.056999999999999995,0.0596,0.05924,0.05334
74,140439.888,0.05402,0.05289999999999999,0.07938,0.051980000000000005,0.0496,0.04698,0.0499,0.04662,0.05676000000000001,0.07004,0.05628,0.05466,0.05738000000000001,0.05708,0.049800000000000004,0.06620000000000001,0.06004,0.06233999999999999,0.06024,0.059860000000000003,0.061860000000000005,0.061919999999999996,0.0651,0.06182000000000001,0.05242,0.0622,0.06154,0.06810000000000001,0.057179999999999995,0.0586,0.05948,0.05296000000000001
75,142337.743,0.053579999999999996,0.0531,0.07937999999999999,0.051980000000000005,0.049740000000000006,0.04726,0.04994,0.04678,0.05678,0.06782,0.05678,0.057499999999999996,0.05766,0.06028,0.050460000000000005,0.0649,0.06010000000000001,0.06254,0.06083999999999999,0.06126,0.06240000000000001,0.063,0.06688,0.058940000000000006,0.05247999999999999,0.05883999999999999,0.06348000000000001,0.06302,0.059320000000000005,0.05532,0.05776,0.05384
76,144235.823,0.05424,0.053239999999999996,0.0793,0.0524,0.04948,0.04724,0.05010000000000001,0.047,0.056220000000000006,0.07092000000000001,0.05935999999999999,0.05588,0.054599999999999996,0.05766,0.049280000000000004,0.06512,0.06004,0.06208,0.0608,0.06028,0.061880000000000004,0.06242000000000001,0.06552000000000001,0.05976,0.05222,0.060939999999999994,0.06314,0.06416,0.05784,0.054819999999999994,0.05800000000000001,0.054900000000000004
77,146133.528,0.05584,0.053259999999999995,0.07915999999999998,0.052180000000000004,0.049640000000000004,0.047760000000000004,0.049960000000000004,0.04764,0.05466000000000001,0.07114,0.059899999999999995,0.055580000000000004,0.05566,0.061399999999999996,0.0497,0.06518,0.06032,0.0613,0.06126,0.059860000000000003,0.061840000000000006,0.06273999999999999,0.06135999999999999,0.06126,0.05232,0.06048,0.06232,0.06168,0.05836,0.055459999999999995,0.0591,0.05606
78,148031.353,0.05406,0.053239999999999996,0.07868,0.05234,0.04952000000000001,0.04768,0.05005999999999999,0.048620000000000003,0.056220000000000006,0.06892000000000001,0.059660000000000005,0.053799999999999994,0.05238,0.057080000000000006,0.05514,0.06722,0.06048,0.061119999999999994,0.061399999999999996,0.059919999999999994,0.0602,0.0638,0.06168,0.0625,0.052360000000000004,0.05998000000000001,0.06251999999999999,0.06436,0.05850000000000001,0.055080000000000004,0.059120000000000006,0.05516000000000001
79,149929.209,0.05502,0.05295999999999999,0.07874,0.05258,0.04972,0.0475,0.050039999999999994,0.0489,0.05688,0.0703,0.057499999999999996,0.05618000000000001,0.05252,0.059300000000000005,0.0513,0.06670000000000001,0.0607,0.0618,0.06168,0.06033999999999999,0.06078,0.06395999999999999,0.06312,0.06422,0.0524,0.059660000000000005,0.06255999999999999,0.06494,0.05678,0.054400000000000004,0.06038,0.05562
80,151826.955,0.054759999999999996,0.05334,0.07936,0.052059999999999995,0.0496,0.047760000000000004,0.05008,0.04776,0.057479999999999996,0.06936,0.056999999999999995,0.05518000000000001,0.05526,0.05824,0.05346000000000001,0.06854000000000002,0.06072000000000001,0.062119999999999995,0.0628,0.059919999999999994,0.06078,0.06396,0.06368,0.06424,0.05269999999999999,0.059820000000000005,0.0633,0.05800000000000001,0.05608,0.053239999999999996,0.060719999999999996,0.05538
81,153724.576,0.05498000000000001,0.05294,0.07894,0.05182,0.04976,0.04823999999999999,0.05,0.046939999999999996,0.056620000000000004,0.07106,0.058320000000000004,0.058600000000000006,0.05436,0.055220000000000005,0.052739999999999995,0.06768,0.06098,0.06312,0.06314,0.05993999999999999,0.0621,0.06622,0.06287999999999999,0.06167999999999999,0.05262,0.05766,0.06458,0.05818000000000001,0.05684,0.05367999999999999,0.05504,0.05619999999999999
82,155622.634,0.05397999999999999,0.05314,0.07896,0.051480000000000005,0.04974,0.04774,0.04986,0.04712,0.05784,0.07002,0.05828,0.05514,0.05668000000000001,0.05736,0.05432,0.06664,0.060880000000000004,0.06317999999999999,0.06264,0.059660000000000005,0.06233999999999999,0.06756,0.06358,0.06388,0.05247999999999999,0.058179999999999996,0.06233999999999999,0.05436,0.056459999999999996,0.05344,0.05284,0.056940000000000004
83,157520.667,0.05474,0.05294000000000001,0.08044,0.051539999999999996,0.049819999999999996,0.04838,0.04986,0.04716,0.05628,0.06824,0.05992000000000001,0.056600000000000004,0.05686,0.06046,0.05088,0.0662,0.06115999999999999,0.06314,0.06366000000000001,0.05995999999999999,0.0628,0.06761999999999999,0.06405999999999999,0.06364,0.05252,0.056600000000000004,0.06133999999999999,0.056420000000000005,0.05382,0.05434,0.053739999999999996,0.053259999999999995
84,159418.511,0.0558,0.053180000000000005,0.07974,0.05142,0.049839999999999995,0.04794,0.0499,0.0475,0.05382,0.07072,0.060880000000000004,0.0551,0.05564,0.058640000000000005,0.051519999999999996,0.06744000000000001,0.06155999999999999,0.06372,0.06422,0.06072000000000001,0.06405999999999999,0.06592,0.06604,0.0688,0.0526,0.059120000000000006,0.06226,0.0561,0.05348000000000001,0.05508,0.05526,0.054920000000000004
85,161316.297,0.0551,0.053059999999999996,0.0793,0.0516,0.04982000000000001,0.048119999999999996,0.049920000000000006,0.04794,0.05786,0.07328,0.057620000000000005,0.05576,0.05604,0.06373999999999999,0.05044,0.06538,0.06164000000000001,0.0635,0.0636,0.06068,0.0636,0.06462,0.0651,0.06662,0.05247999999999999,0.06118,0.05978,0.05836,0.053500000000000006,0.05416,0.05602,0.05761999999999999
86,163213.953,0.054720000000000005,0.0528,0.07904,0.052059999999999995,0.05,0.047819999999999994,0.0498,0.0484,0.058499999999999996,0.07282000000000001,0.05720000000000001,0.05500000000000001,0.05247999999999999,0.05988,0.05504,0.07216,0.06158,0.06373999999999999,0.0641,0.061239999999999996,0.06454,0.06296,0.0652,0.06322000000000001,0.05234,0.0586,0.05978,0.059160000000000004,0.053279999999999994,0.05466,0.056620000000000004,0.05653999999999999
87,165111.507,0.05538,0.053339999999999985,0.07982,0.0518,0.04992,0.047259999999999996,0.04968,0.048900000000000006,0.05786,0.07270000000000001,0.059919999999999994,0.057719999999999994,0.05362,0.0578,0.05352,0.06876,0.061880000000000004,0.06402000000000001,0.06302,0.0619,0.06276000000000001,0.06382,0.06594,0.06596,0.052500000000000005,0.060719999999999996,0.061380000000000004,0.060899999999999996,0.053180000000000005,0.05404,0.056519999999999994,0.05826
88,168695.966,0.05406,0.05278000000000001,0.0804,0.053000000000000005,0.05032000000000001,0.047599999999999996,0.049339999999999995,0.048100000000000004,0.056620000000000004,0.07103999999999999,0.06160000000000001,0.05968,0.058199999999999995,0.0663,0.061660000000000006,0.07422,0.0628,0.06516000000000001,0.06304,0.06420000000000001,0.06358,0.06642,0.06442,0.06552,0.05334,0.06237999999999999,0.06011999999999999,0.061380000000000004,0.05336,0.056499999999999995,0.057999999999999996,0.05897999999999999
89,170593.777,0.05382,0.05267999999999999,0.07993999999999998,0.05302,0.0501,0.04708,0.04904000000000001,0.047439999999999996,0.060219999999999996,0.07264000000000001,0.06394,0.059719999999999995,0.06264,0.06102,0.05296000000000001,0.07334,0.06262,0.06538,0.06348000000000001,0.06272000000000001,0.06528,0.06656,0.06468,0.06244000000000001,0.05295999999999999,0.06118000000000001,0.05978,0.06133999999999999,0.05302,0.05546000000000001,0.056319999999999995,0.055819999999999995
90,172491.53,0.053759999999999995,0.05288,0.08004,0.052239999999999995,0.049960000000000004,0.04718,0.049260000000000005,0.04662,0.06122000000000001,0.07048000000000001,0.06232,0.05948,0.06035999999999999,0.06269999999999999,0.05267999999999999,0.06656,0.06276,0.06355999999999999,0.06454,0.06176,0.0655,0.06462,0.06712,0.0646,0.05284,0.06078,0.059899999999999995,0.061540000000000004,0.053500000000000006,0.055459999999999995,0.057699999999999994,0.05414
91,174389.154,0.054200000000000005,0.053099999999999994,0.08096,0.05236,0.05016,0.04688,0.04908,0.0459,0.05834,0.07234,0.060160000000000005,0.058519999999999996,0.0615,0.0631,0.055380000000000006,0.06806000000000001,0.06248,0.06516000000000001,0.06498,0.062119999999999995,0.06632,0.06572,0.06786,0.0682,0.05284,0.05906,0.059640000000000006,0.05669999999999999,0.05366,0.05574,0.057679999999999995,0.05394
92,176286.761,0.053500000000000006,0.05286,0.0804,0.05212,0.05005999999999999,0.047099999999999996,0.04966,0.045939999999999995,0.0601,0.07556,0.0632,0.05811999999999999,0.05738000000000001,0.061759999999999995,0.05514,0.06774000000000001,0.0628,0.06584000000000001,0.06518,0.06304000000000001,0.06666000000000001,0.0688,0.07292000000000001,0.06925999999999999,0.05284,0.060320000000000006,0.06074,0.06008,0.053239999999999996,0.05704,0.05578000000000001,0.052700000000000004
93,178184.485,0.053579999999999996,0.052879999999999996,0.0804,0.0521,0.04994,0.04722,0.04923999999999999,0.046060000000000004,0.059419999999999994,0.07170000000000001,0.05824,0.06183999999999999,0.055479999999999995,0.06294000000000001,0.051680000000000004,0.06682,0.06284,0.06836,0.06594,0.0635,0.06758,0.07124,0.07289999999999999,0.07058,0.05282,0.05828,0.060020000000000004,0.059719999999999995,0.05329999999999999,0.05811999999999999,0.05554000000000001,0.05354
94,180082.309,0.05366,0.05278000000000001,0.08036000000000001,0.052000000000000005,0.05,0.04742,0.049460000000000004,0.046,0.061860000000000005,0.07392,0.06011999999999999,0.05886,0.05711999999999999,0.06326000000000001,0.05428000000000001,0.06636,0.06286,0.06842000000000001,0.06692000000000001,0.0659,0.06938,0.07256,0.07484,0.07378,0.052680000000000005,0.05888,0.061,0.0615,0.05308,0.05878,0.05684,0.05336
95,181980.119,0.054000000000000006,0.0531,0.08046,0.05182,0.04996,0.047900000000000005,0.0489,0.04626,0.06172,0.07286000000000001,0.060540000000000004,0.059719999999999995,0.05676,0.065,0.053099999999999994,0.07038,0.06328,0.06882,0.06712,0.06678,0.0702,0.07504,0.07104,0.07655999999999999,0.0528,0.05988,0.05988,0.06026,0.05294,0.058940000000000006,0.055979999999999995,0.0536
96,183878.009,0.05352,0.05348000000000001,0.0803,0.05184,0.05018,0.047740000000000005,0.049060000000000006,0.046220000000000004,0.05878,0.0729,0.0603,0.061040000000000004,0.06154,0.0654,0.054459999999999995,0.06688000000000001,0.06322,0.07096,0.06656,0.0686,0.07532000000000001,0.08046,0.07039999999999999,0.08093999999999998,0.05264,0.058699999999999995,0.06045999999999999,0.06286,0.0541,0.055220000000000005,0.055080000000000004,0.05502
97,185775.958,0.053739999999999996,0.05308,0.08014,0.0522,0.04994,0.04754,0.04944,0.046040000000000005,0.060300000000000006,0.07387999999999999,0.06505999999999999,0.059539999999999996,0.059640000000000006,0.061880000000000004,0.05614,0.06789999999999999,0.06326000000000001,0.07434,0.06788,0.07052,0.07454000000000001,0.09086000000000001,0.07414000000000001,0.08635999999999999,0.05262,0.058399999999999994,0.06038,0.061040000000000004,0.05304,0.05562,0.05562,0.05482
98,187673.772,0.05416,0.05352,0.08046,0.05216,0.05042,0.04768,0.049319999999999996,0.04658,0.06326000000000001,0.0726,0.06322000000000001,0.05976,0.05576,0.06076,0.05489999999999999,0.06709999999999999,0.06396,0.0722,0.06881999999999999,0.07138,0.07749999999999999,0.0838,0.0788,0.09258,0.05296000000000001,0.059640000000000006,0.060640000000000006,0.060360000000000004,0.05295999999999999,0.057940000000000005,0.054599999999999996,0.05451999999999999
99,189571.552,0.05367999999999999,0.052980000000000006,0.08038,0.05214,0.0505,0.0479,0.0501,0.046239999999999996,0.06046,0.07156,0.06012000000000001,0.060540000000000004,0.054259999999999996,0.061939999999999995,0.05502,0.06958,0.06394,0.08196,0.07071999999999999,0.07232,0.08331999999999999,0.09287999999999999,0.08098,0.10438,0.052739999999999995,0.06052,0.0596,0.06146,0.05282,0.05846,0.055940000000000004,0.05416
100,191469.337,0.05406000000000001,0.05272,0.08116,0.05238,0.049819999999999996,0.048459999999999996,0.04918,0.046799999999999994,0.059860000000000003,0.07044,0.05938,0.06108,0.05404,0.06373999999999999,0.0558,0.07010000000000001,0.064,0.07976,0.07136,0.07366,0.08518,0.08980000000000002,0.08252,0.11632,0.0526,0.05946,0.06006,0.058820000000000004,0.053259999999999995,0.05888,0.05456,0.053759999999999995
101,193367.0,0.05434,0.0531,0.08049999999999999,0.05234,0.05018,0.04832,0.048900000000000006,0.04666,0.060919999999999995,0.07422,0.06126,0.059399999999999994,0.05670000000000001,0.061739999999999996,0.05620000000000001,0.06865999999999998,0.0645,0.08669999999999999,0.07470000000000002,0.07374,0.09438000000000002,0.09114,0.0866,0.10802,0.052739999999999995,0.05938,0.058679999999999996,0.056519999999999994,0.0524,0.05782,0.054759999999999996,0.053959999999999994
102,195264.722,0.054580000000000004,0.05312,0.08068,0.05234000000000001,0.05010000000000001,0.04802,0.0491,0.04660000000000001,0.05913999999999999,0.07194,0.06233999999999999,0.060899999999999996,0.05734,0.061860000000000005,0.057440000000000005,0.07094,0.06494,0.0928,0.07658000000000001,0.07727999999999999,0.0959,0.09776,0.09576,0.11356000000000002,0.05271999999999999,0.05838,0.059800000000000006,0.0578,0.05284,0.05808,0.05412,0.05512
103,197162.486,0.05398000000000001,0.052700000000000004,0.08104,0.052739999999999995,0.050140000000000004,0.04806,0.04926,0.04666,0.05998,0.07170000000000001,0.06192000000000001,0.062240000000000004,0.05693999999999999,0.06442,0.05616,0.06836,0.06488000000000001,0.09990000000000002,0.08206,0.08344,0.09728,0.10242,0.09596,0.12886000000000003,0.05252,0.05960000000000001,0.06010000000000001,0.059699999999999996,0.052739999999999995,0.05841999999999999,0.052480000000000006,0.054720000000000005
104,199060.067,0.0546,0.05354,0.08078,0.052480000000000006,0.05056000000000001,0.04848,0.04882,0.04644,0.06068,0.07265999999999999,0.06208,0.06198,0.059419999999999994,0.06346,0.05682,0.07210000000000001,0.06628,0.10306,0.08356,0.08666,0.09854,0.10334000000000002,0.10166,0.13204,0.05267999999999999,0.059140000000000005,0.056940000000000004,0.057440000000000005,0.05338,0.0615,0.05156000000000001,0.0538
105,200957.752,0.05404,0.053200000000000004,0.08074,0.052500000000000005,0.05044,0.0486,0.04922,0.04624,0.06348000000000001,0.07312,0.060399999999999995,0.06217999999999999,0.05840000000000001,0.06312,0.05800000000000001,0.07126,0.06664,0.10124,0.08882000000000001,0.07114000000000001,0.09828,0.10188000000000001,0.11276,0.15218,0.05292,0.06044000000000001,0.05734,0.05776,0.05352,0.060399999999999995,0.05182,0.05524
106,202855.711,0.05295999999999999,0.052680000000000005,0.08126,0.053059999999999996,0.049819999999999996,0.047900000000000005,0.04912,0.0461,0.062380000000000005,0.07318,0.062419999999999996,0.062419999999999996,0.05740000000000001,0.06062000000000001,0.056620000000000004,0.06736,0.06706000000000001,0.1227,0.0916,0.07054,0.10391999999999998,0.11394000000000001,0.1135,0.15963999999999998,0.05267999999999999,0.060880000000000004,0.05676,0.056220000000000006,0.0534,0.0613,0.05162,0.05344
107,204753.537,0.05328000000000001,0.05264,0.08113999999999999,0.05226000000000001,0.050559999999999994,0.048260000000000004,0.04908,0.04654,0.062259999999999996,0.07432000000000001,0.060039999999999996,0.061919999999999996,0.06414,0.0634,0.0595,0.0668,0.06794,0.11332,0.09436,0.07680000000000001,0.10966000000000001,0.1083,0.12282,0.1483,0.05266,0.060640000000000006,0.05854,0.05708,0.054279999999999995,0.058660000000000004,0.052079999999999994,0.053579999999999996
108,206651.236,0.053459999999999994,0.052879999999999996,0.0813,0.053000000000000005,0.04986,0.04873999999999999,0.04916,0.04662,0.05876,0.075,0.062439999999999996,0.06434,0.06018,0.06376,0.05636,0.07144,0.0689,0.11844000000000002,0.10293999999999999,0.07872000000000001,0.11061999999999998,0.10288,0.12001999999999999,0.17714,0.05262,0.05896000000000001,0.05776,0.05711999999999999,0.05394,0.05970000000000001,0.05228000000000001,0.05519999999999999
109,208549.347,0.053380000000000004,0.05284,0.08146,0.0526,0.05068,0.04816,0.04914,0.046799999999999994,0.06113999999999999,0.07364,0.06168,0.062340000000000007,0.0598,0.06058,0.0546,0.06548000000000001,0.06966,0.11134,0.10622000000000001,0.07732000000000001,0.09846,0.10772000000000001,0.11316,0.18212,0.05286,0.06042000000000001,0.05746,0.05905999999999999,0.05508,0.06002,0.0524,0.05713999999999999
110,210447.281,0.053059999999999996,0.05232,0.08064,0.053000000000000005,0.05016,0.04834,0.04916,0.04696,0.06154,0.0733,0.06050000000000001,0.05900000000000001,0.06078,0.06052,0.06178,0.06760000000000001,0.06965999999999999,0.1186,0.10876000000000001,0.08943999999999999,0.08530000000000001,0.11088,0.10256000000000001,0.19463999999999998,0.052500000000000005,0.059320000000000005,0.05666,0.05722000000000001,0.053259999999999995,0.05824,0.052700000000000004,0.057420000000000006
111,212345.215,0.05351999999999999,0.05284,0.08082,0.053000000000000005,0.0504,0.048380000000000006,0.04888,0.04648,0.06215999999999999,0.07594000000000001,0.061380000000000004,0.061660000000000006,0.05982,0.061919999999999996,0.05806,0.06444,0.07158,0.12101999999999999,0.11976,0.08708,0.08696,0.0997,0.09896,0.19318,0.05286,0.05842000000000001,0.0581,0.055940000000000004,0.0536,0.0578,0.052759999999999994,0.057420000000000006
112,214243.051,0.05322,0.052680000000000005,0.08142,0.05284,0.0502,0.048400000000000006,0.049019999999999994,0.04662000000000001,0.06008,0.07346,0.0603,0.0606,0.06106,0.06033999999999999,0.05746,0.06878,0.07216,0.11983999999999999,0.1166,0.10070000000000001,0.08778,0.09603999999999999,0.10038,0.19240000000000002,0.0528,0.05898,0.058499999999999996,0.05469999999999999,0.05402,0.05811999999999999,0.05352,0.05669999999999999
113,216140.718,0.053000000000000005,0.05292,0.0816,0.052480000000000006,0.05022,0.048299999999999996,0.04908,0.04701999999999999,0.05938,0.07478,0.06074,0.06113999999999999,0.05718000000000001,0.061160000000000006,0.05773999999999999,0.06508,0.07150000000000001,0.11936,0.11024,0.09907999999999999,0.08834,0.0925,0.09709999999999999,0.20876,0.05266,0.06044000000000001,0.05854,0.057499999999999996,0.05408,0.05734,0.05358,0.05616
114,218038.446,0.05292,0.05292,0.08134,0.052700000000000004,0.050140000000000004,0.04796,0.04945999999999999,0.047439999999999996,0.06396,0.07422,0.06122,0.059160000000000004,0.061419999999999995,0.06006,0.05491999999999999,0.06298000000000001,0.08364,0.1427,0.09798,0.09341999999999999,0.09418,0.09286000000000001,0.10928,0.23769999999999997,0.0528,0.06328,0.05913999999999999,0.059,0.05388,0.05806,0.0536,0.05663999999999999
115,219936.187,0.05334,0.052700000000000004,0.08146,0.052500000000000005,0.05008,0.04814,0.05044,0.04744,0.06358,0.07334,0.06442,0.0617,0.05626,0.06222,0.05496000000000001,0.06416000000000001,0.09613999999999999,0.13944,0.09476,0.10578000000000001,0.10134000000000001,0.10074000000000001,0.11562000000000001,0.2859,0.053079999999999995,0.061919999999999996,0.05700000000000001,0.060899999999999996,0.05499999999999999,0.05706,0.054479999999999994,0.05469999999999999
116,221834.105,0.052879999999999996,0.05244,0.08114,0.05276000000000001,0.0501,0.047880000000000006,0.0492,0.0482,0.0648,0.07268,0.0632,0.06128,0.06113999999999999,0.06216000000000001,0.05516,0.06838,0.09609999999999999,0.15398,0.1012,0.10371999999999999,0.10691999999999999,0.1109,0.11344000000000001,0.27734000000000003,0.05272,0.061360000000000005,0.057620000000000005,0.060719999999999996,0.05518000000000001,0.05722000000000001,0.05412,0.054459999999999995
117,223732.108,0.053380000000000004,0.05317999999999999,0.0817,0.05227999999999999,0.05023999999999999,0.04788,0.04936,0.047639999999999995,0.06038,0.07336000000000001,0.06328,0.06046,0.059719999999999995,0.06244000000000001,0.056999999999999995,0.06674,0.10650000000000001,0.14342,0.09481999999999999,0.10804,0.10777999999999999,0.11668,0.12214,0.26480000000000004,0.05289999999999999,0.06192000000000001,0.056479999999999995,0.05974,0.05371999999999999,0.056400000000000006,0.05424,0.05514
118,225629.985,0.05304,0.05276000000000001,0.0814,0.052239999999999995,0.04988,0.04748000000000001,0.04914,0.04852,0.06168,0.07292000000000001,0.06476000000000001,0.060259999999999994,0.05656,0.06342,0.056620000000000004,0.06662,0.11158000000000001,0.16096,0.10364,0.10638,0.11376,0.11608,0.15342000000000003,0.27408,0.052980000000000006,0.06044000000000001,0.057179999999999995,0.05858,0.054580000000000004,0.05702,0.0546,0.05518000000000001
119,227527.853,0.05282,0.05267999999999999,0.08191999999999999,0.052140000000000006,0.049980000000000004,0.047099999999999996,0.04974,0.0487,0.062439999999999996,0.07336000000000001,0.06334,0.06168,0.06192000000000001,0.06582,0.05720000000000001,0.06752,0.11362000000000001,0.16964,0.1075,0.11278000000000002,0.12308,0.13418000000000002,0.16760000000000003,0.26955999999999997,0.05284,0.060880000000000004,0.05752,0.05738,0.053759999999999995,0.05711999999999999,0.05534,0.05554
120,229425.651,0.05282,0.052879999999999996,0.08171999999999999,0.052239999999999995,0.0501,0.04742,0.04908,0.047040000000000005,0.06414,0.07322000000000001,0.06396,0.0618,0.05968,0.05954,0.05606,0.06527999999999999,0.11764000000000001,0.1724,0.11749999999999998,0.1237,0.1365,0.13848,0.18246,0.27984,0.0529,0.059,0.05820000000000001,0.05736,0.05428000000000001,0.056220000000000006,0.05504,0.056400000000000006
121,231323.395,0.05352,0.05344,0.0812,0.052039999999999996,0.04984,0.04722,0.05066,0.047060000000000005,0.06424,0.07384,0.06126,0.06408,0.060899999999999996,0.0631,0.05412,0.06746,0.13228,0.18272,0.12724,0.12093999999999998,0.14612,0.14926,0.18466,0.31536000000000003,0.05296000000000001,0.05940000000000001,0.05678,0.05756,0.053500000000000006,0.056679999999999994,0.05612,0.056459999999999996
122,233221.25,0.05358,0.05295999999999999,0.08184,0.05246000000000001,0.05016,0.047420000000000004,0.0491,0.04734,0.05948,0.07412,0.05786,0.059699999999999996,0.05708,0.06328,0.05738,0.06452000000000001,0.19196000000000002,0.16221999999999998,0.14414,0.13384000000000001,0.14594000000000001,0.16118000000000002,0.19571999999999998,0.33886000000000005,0.053000000000000005,0.06042000000000001,0.05728,0.060540000000000004,0.05132,0.056220000000000006,0.05614,0.05722000000000001
123,235119.193,0.05306000000000001,0.0529,0.08186,0.052739999999999995,0.050019999999999995,0.04752,0.049460000000000004,0.047819999999999994,0.058699999999999995,0.07346,0.0598,0.06254000000000001,0.05942000000000001,0.061360000000000005,0.05502,0.06828000000000001,0.18932,0.19498,0.15395999999999999,0.11925999999999999,0.16212,0.18968,0.19446000000000002,0.35258,0.053279999999999994,0.06076,0.05826,0.06038,0.05134,0.05562,0.05541999999999999,0.054279999999999995
124,237017.115,0.05247999999999999,0.05312,0.08162,0.05244,0.0498,0.0472,0.049,0.047760000000000004,0.060939999999999994,0.07058,0.06194000000000001,0.06135999999999999,0.0637,0.062020000000000006,0.05956,0.06564,0.20299999999999999,0.22446000000000002,0.16787999999999997,0.13494,0.17602,0.19382000000000002,0.19318000000000002,0.36456,0.05284,0.059699999999999996,0.05813999999999999,0.06035999999999999,0.051519999999999996,0.057319999999999996,0.05534,0.05299999999999999
125,238914.957,0.05308,0.05378000000000001,0.08198,0.05301999999999999,0.05027999999999999,0.047240000000000004,0.04938,0.04702,0.06113999999999999,0.07236000000000001,0.06254,0.06314,0.056819999999999996,0.06178,0.05960000000000001,0.07056,0.20056,0.21197999999999997,0.18417999999999998,0.14171999999999998,0.18306000000000003,0.20265999999999998,0.21142,0.35190000000000005,0.05294000000000001,0.061739999999999996,0.05804,0.061119999999999994,0.05166,0.053099999999999994,0.056100000000000004,0.05249999999999999
126,240812.772,0.052480000000000006,0.05262,0.08162,0.05276000000000001,0.049920000000000006,0.04766,0.04934,0.04782,0.06251999999999999,0.0749,0.0625,0.06006,0.05756,0.06717999999999999,0.056499999999999995,0.0641,0.15248,0.21879999999999997,0.18796000000000002,0.1477,0.18772,0.21266,0.22604000000000002,0.32136,0.05296000000000001,0.05955999999999999,0.05684,0.060160000000000005,0.05164,0.052140000000000006,0.05582,0.05342
127,242710.387,0.05245999999999999,0.052559999999999996,0.08184,0.05334,0.05023999999999999,0.0479,0.049139999999999996,0.047420000000000004,0.06358,0.07166,0.0622,0.061739999999999996,0.06420000000000001,0.06292,0.058620000000000005,0.07054,0.15508,0.2571800000000001,0.18546,0.15808,0.20924,0.22182,0.25866,0.3304,0.0529,0.059699999999999996,0.057080000000000006,0.062240000000000004,0.05228000000000001,0.05284,0.055979999999999995,0.05299999999999999
128,244608.12,0.0522,0.05274000000000001,0.08156000000000001,0.05228000000000001,0.051019999999999996,0.047619999999999996,0.049019999999999994,0.046400000000000004,0.06301999999999999,0.07490000000000001,0.06384000000000001,0.06312,0.05772000000000001,0.06258,0.06056000000000002,0.06786,0.16276,0.22122000000000003,0.1911,0.16226,0.23952,0.21358000000000002,0.26014,0.33862000000000003,0.0529,0.05826,0.056620000000000004,0.06098,0.05172,0.05222,0.05636,0.05262
129,246506.279,0.05242,0.052259999999999994,0.08156,0.0526,0.0499,0.04798,0.04926,0.04702,0.06276,0.07261999999999999,0.06418,0.060640000000000006,0.05856,0.06237999999999999,0.05674,0.0663,0.16088,0.22835999999999998,0.19348,0.183,0.22418,0.26838,0.2613,0.33531999999999995,0.0528,0.0573,0.05676,0.05808,0.05177999999999999,0.052539999999999996,0.05689999999999999,0.05382
130,248404.224,0.05236,0.0531,0.08138000000000001,0.05314,0.04974,0.0482,0.0489,0.04712,0.060880000000000004,0.07294,0.0634,0.06083999999999999,0.061020000000000005,0.06644000000000001,0.059840000000000004,0.0649,0.17470000000000002,0.25871999999999995,0.21959999999999996,0.19791999999999998,0.23952,0.25776000000000004,0.24586000000000002,0.3774,0.053000000000000005,0.056459999999999996,0.05786,0.0611,0.05164,0.05228000000000001,0.05626,0.054079999999999996
131,251360.576,0.052180000000000004,0.052259999999999994,0.08227999999999999,0.053680000000000005,0.050440000000000006,0.04812,0.04894,0.04638,0.058660000000000004,0.07194,0.06202,0.06294,0.05600000000000001,0.060899999999999996,0.05499999999999999,0.06532,0.20162,0.24624000000000001,0.18631999999999999,0.21082,0.2048,0.24786000000000002,0.233,0.31466,0.053160000000000006,0.05758,0.05746,0.064,0.05194,0.0524,0.05628,0.05378000000000001
132,253258.281,0.05238,0.052539999999999996,0.08138000000000001,0.05304,0.04988,0.04776,0.048740000000000006,0.046099999999999995,0.061540000000000004,0.07132000000000001,0.06154,0.061560000000000004,0.05722000000000001,0.0618,0.05802,0.06861999999999999,0.21034000000000003,0.26502,0.21550000000000002,0.20962,0.23792,0.24780000000000002,0.23696,0.37478,0.05294,0.05732,0.0578,0.05886,0.051759999999999994,0.05222,0.055700000000000006,0.05438
133,255155.904,0.052680000000000005,0.052059999999999995,0.08174000000000001,0.05296000000000001,0.049960000000000004,0.048519999999999994,0.04882000000000001,0.047040000000000005,0.0628,0.07174,0.06158,0.06277999999999999,0.05650000000000001,0.059699999999999996,0.05944000000000001,0.06454000000000001,0.26718000000000003,0.26649999999999996,0.21724000000000002,0.22936,0.25036,0.25473999999999997,0.26614,0.39344,0.05312,0.05928,0.056679999999999994,0.0659,0.05172000000000001,0.05272,0.055779999999999996,0.055920000000000004
134,257053.418,0.05229999999999999,0.05228000000000001,0.08154,0.052680000000000005,0.04994,0.04874,0.049,0.04688,0.06258,0.0716,0.06286,0.06256,0.057699999999999994,0.06054,0.05983999999999999,0.06478,0.33466,0.24538,0.24156000000000005,0.23297999999999996,0.22324000000000002,0.27118000000000003,0.2575,0.37016000000000004,0.0529,0.06028,0.05736,0.06172,0.0519,0.05272,0.05619999999999999,0.055720000000000006
135,258951.262,0.05208,0.05197999999999999,0.0819,0.0524,0.050039999999999994,0.048799999999999996,0.04908,0.04616,0.0607,0.07071999999999999,0.06394,0.06286,0.05706,0.061540000000000004,0.05484,0.06416000000000001,0.41524,0.24697999999999998,0.22542,0.2327,0.24192,0.27526,0.25034,0.4378,0.05278000000000001,0.05858,0.05838,0.05928,0.05178000000000001,0.052700000000000004,0.05332,0.055200000000000006
136,260849.202,0.05172,0.052039999999999996,0.08171999999999999,0.05284,0.049600000000000005,0.048620000000000003,0.04895999999999999,0.046560000000000004,0.0621,0.06974,0.06058,0.06004,0.06434,0.06006,0.05806,0.0637,0.39643999999999996,0.25364,0.22504,0.24494000000000002,0.23946,0.26748,0.24782,0.45606,0.0528,0.05900000000000001,0.05784,0.06198,0.051960000000000006,0.0528,0.05416,0.05567999999999999
137,262746.999,0.05172,0.05202,0.08156000000000001,0.05242,0.050940000000000006,0.04884,0.0486,0.046400000000000004,0.06301999999999999,0.07292000000000001,0.062139999999999994,0.059719999999999995,0.057340000000000016,0.059820000000000005,0.055700000000000006,0.0629,0.4495,0.25574,0.21766000000000002,0.23887999999999998,0.22286,0.2577,0.25098000000000004,0.48860000000000003,0.05304,0.060020000000000004,0.05796,0.058600000000000006,0.05228000000000001,0.053759999999999995,0.054459999999999995,0.05534
138,264644.744,0.051739999999999994,0.052879999999999996,0.08138000000000001,0.0521,0.05018,0.04808,0.04934000000000001,0.04656,0.061399999999999996,0.06844,0.06118,0.062060000000000004,0.05534,0.06,0.05292,0.06644,0.46787999999999996,0.26857999999999993,0.23045999999999997,0.24926000000000004,0.23777999999999996,0.24701999999999996,0.23545999999999995,0.46842000000000006,0.05284,0.06032,0.05924,0.06018,0.05222,0.053739999999999996,0.053720000000000004,0.05574
139,266542.479,0.05162,0.051960000000000006,0.08112,0.0526,0.0498,0.048299999999999996,0.048960000000000004,0.04646,0.06058,0.0705,0.06209999999999999,0.06248,0.05808,0.061040000000000004,0.05516000000000001,0.06208,0.48342,0.26582000000000006,0.22476,0.2602,0.2332,0.27288,0.25026000000000004,0.46636,0.05296000000000001,0.06124,0.05922000000000001,0.058140000000000004,0.052680000000000005,0.055459999999999995,0.054099999999999995,0.054720000000000005
140,268439.954,0.05166,0.052700000000000004,0.08154,0.05176000000000001,0.0508,0.04808,0.04894,0.04694,0.0603,0.07014000000000001,0.06272,0.06113999999999999,0.06044000000000001,0.059860000000000003,0.05724,0.06038,0.4904,0.26074,0.25139999999999996,0.23614000000000002,0.23282000000000003,0.28856000000000004,0.24514,0.48457999999999996,0.052879999999999996,0.06128,0.05706,0.05888,0.053079999999999995,0.0539,0.0541,0.05389999999999999
141,270337.596,0.05124000000000001,0.0522,0.08144,0.05244,0.049479999999999996,0.048299999999999996,0.0489,0.046700000000000005,0.0611,0.07082,0.0649,0.059,0.055459999999999995,0.0607,0.054720000000000005,0.06286,0.51098,0.29982000000000003,0.22408,0.25232,0.24862,0.29486,0.25592,0.48622000000000004,0.05286,0.06198,0.05778,0.05614,0.05214,0.05417999999999999,0.055600000000000004,0.05342
142,272235.373,0.0516,0.05212,0.08121999999999999,0.05249999999999999,0.04984000000000001,0.048279999999999997,0.04888,0.04684,0.0621,0.07118,0.06652,0.05955999999999999,0.05893999999999999,0.06135999999999999,0.05704,0.06434,0.5192,0.29092,0.24097999999999997,0.24579999999999996,0.23878,0.3087,0.25622,0.49341999999999997,0.05297999999999999,0.061040000000000004,0.057120000000000004,0.057800000000000004,0.05247999999999999,0.05448000000000001,0.05512,0.05478000000000001
143,274133.333,0.05178000000000001,0.0528,0.08098,0.052500000000000005,0.04962,0.0491,0.048819999999999995,0.04728,0.061840000000000006,0.06986,0.06782,0.06382000000000002,0.05891999999999999,0.06094000000000001,0.058679999999999996,0.06534,0.55084,0.29597999999999997,0.22313999999999998,0.25620000000000004,0.23360000000000003,0.33754,0.25154,0.52066,0.05284,0.060219999999999996,0.056479999999999995,0.05711999999999999,0.05328000000000001,0.05484,0.05432,0.05526
144,276031.303,0.05112,0.05286,0.08156,0.05214,0.04954,0.04828,0.04896,0.047560000000000005,0.06122,0.07064000000000001,0.06606,0.064,0.05552,0.06266000000000001,0.05582,0.06470000000000001,0.5707800000000001,0.30012000000000005,0.23121999999999998,0.23696,0.25644000000000006,0.29584,0.27326,0.49538000000000004,0.05282,0.06108,0.05696,0.05913999999999999,0.05292,0.05484,0.054099999999999995,0.056400000000000006
145,277929.149,0.05192,0.052180000000000004,0.08126,0.05272,0.0501,0.04836,0.0489,0.046560000000000004,0.060520000000000004,0.06772,0.06548000000000001,0.06251999999999999,0.05686,0.06455999999999999,0.05504,0.06495999999999999,0.5827,0.32326,0.24352000000000001,0.25486,0.25416,0.30456,0.31754000000000004,0.53662,0.05294,0.06115999999999999,0.056519999999999994,0.06044000000000001,0.05391999999999999,0.05471999999999999,0.05474,0.056600000000000004
146,279827.116,0.05178000000000001,0.05194,0.0816,0.05226000000000001,0.04962,0.048440000000000004,0.0487,0.04818000000000001,0.06224,0.06662,0.06432,0.061939999999999995,0.062419999999999996,0.06552,0.060899999999999996,0.06624000000000001,0.5913999999999999,0.32882,0.24917999999999996,0.2581,0.279,0.31498,0.34806000000000004,0.52346,0.05312,0.060160000000000005,0.05676,0.057479999999999996,0.0531,0.055720000000000006,0.054479999999999994,0.05723999999999999
147,281724.893,0.05126000000000001,0.05188,0.08134,0.053000000000000005,0.04958,0.04818,0.04892,0.046919999999999996,0.0617,0.06866000000000001,0.06368,0.06352,0.05922000000000001,0.06120000000000001,0.05902,0.06394,0.601,0.32952,0.25764,0.26409999999999995,0.31086,0.32376,0.35046,0.5840799999999999,0.052980000000000006,0.0623,0.05688,0.06037999999999999,0.053200000000000004,0.05634,0.055420000000000004,0.055220000000000005
148,283622.607,0.05194,0.052059999999999995,0.08102000000000001,0.052680000000000005,0.0497,0.04754,0.048799999999999996,0.04762,0.06152,0.06832,0.06276,0.0606,0.06183999999999999,0.060899999999999996,0.05669999999999999,0.06318,0.60972,0.33872,0.2735,0.27486,0.3415,0.32004,0.3653,0.5832599999999999,0.053160000000000006,0.06006,0.056479999999999995,0.06133999999999999,0.053459999999999994,0.05628,0.05466,0.05748000000000001
149,285520.486,0.05145999999999999,0.05176000000000001,0.08168,0.05295999999999999,0.04944,0.047619999999999996,0.04862000000000001,0.04696,0.06204,0.07106,0.06388,0.0629,0.0593,0.05942000000000001,0.0613,0.06322000000000001,0.62252,0.35364,0.29185999999999995,0.25826,0.34272,0.33798,0.35381999999999997,0.60406,0.05304,0.059820000000000005,0.056479999999999995,0.0621,0.05304,0.05661999999999999,0.05486,0.05669999999999999
150,287418.398,0.050839999999999996,0.052079999999999994,0.082,0.05242,0.0495,0.04758,0.04882,0.047939999999999997,0.06128,0.0706,0.0595,0.06404,0.05691999999999999,0.06436,0.061360000000000005,0.06994,0.59948,0.36970000000000003,0.31452,0.27061999999999997,0.33868,0.34172,0.3649,0.6193799999999999,0.052879999999999996,0.058399999999999994,0.05604,0.05998,0.05272,0.05636,0.05600000000000001,0.057319999999999996
151,289316.328,0.050839999999999996,0.05212,0.08146,0.05299999999999999,0.0498,0.04738,0.04926,0.0468,0.06018000000000001,0.06812,0.06402,0.06323999999999999,0.05654,0.06482,0.056459999999999996,0.06334,0.61986,0.36188,0.3303,0.29286,0.34714,0.36214,0.3648600000000001,0.6027199999999999,0.05288,0.058640000000000005,0.05658,0.05954,0.05384,0.05636,0.0551,0.05848
152,291214.204,0.0507,0.0519,0.08108000000000001,0.0529,0.04962,0.046900000000000004,0.04868,0.04636,0.060540000000000004,0.07006,0.06208,0.06322,0.05739999999999999,0.060899999999999996,0.05815999999999999,0.06233999999999999,0.6314399999999999,0.36585999999999996,0.33044,0.27886,0.34964,0.35356,0.35942,0.6071799999999999,0.05278000000000001,0.05893999999999999,0.0573,0.05689999999999999,0.053500000000000006,0.05732,0.05454,0.05804
153,293111.923,0.05044,0.051879999999999996,0.08071999999999999,0.05244,0.04948,0.04738,0.04888,0.047060000000000005,0.060399999999999995,0.07025999999999999,0.06197999999999999,0.06158,0.058800000000000005,0.0674,0.059219999999999995,0.06076,0.6411800000000001,0.40058000000000005,0.33578,0.33414000000000005,0.34422,0.40318,0.36707999999999996,0.66414,0.05266,0.05716,0.05588,0.05724,0.05349999999999999,0.055900000000000005,0.05571999999999999,0.05616
154,295009.567,0.05088,0.05288,0.08154,0.052239999999999995,0.049679999999999995,0.04736,0.048900000000000006,0.04686,0.06011999999999999,0.06698,0.06424,0.06346,0.058719999999999994,0.0591,0.0538,0.05924,0.65124,0.4053,0.33755999999999997,0.32822,0.34859999999999997,0.42378,0.36894,0.6199199999999999,0.05322,0.05924,0.05726,0.05678,0.055600000000000004,0.057519999999999995,0.05494,0.05431999999999999
155,296907.267,0.05068,0.05142,0.08098000000000001,0.05245999999999999,0.04964,0.04726,0.048780000000000004,0.046340000000000006,0.060820000000000006,0.07032000000000001,0.06592,0.06113999999999999,0.061959999999999994,0.06124,0.05842000000000001,0.06122,0.6521199999999999,0.42304,0.33868,0.34988,0.38284,0.4013,0.38872,0.63088,0.05292,0.05922000000000001,0.05626,0.05740000000000001,0.0539,0.05720000000000001,0.055200000000000006,0.0563
156,298805.231,0.0505,0.052160000000000005,0.08122,0.052700000000000004,0.04964,0.04764,0.04888,0.046560000000000004,0.061860000000000005,0.06924,0.0661,0.061880000000000004,0.0623,0.059640000000000006,0.0548,0.06364,0.65964,0.42996,0.3447,0.33692,0.35673999999999995,0.41102,0.37822,0.6515000000000001,0.05296000000000001,0.05870000000000001,0.057600000000000005,0.05938,0.05482,0.05614,0.05484,0.0538
157,300703.26,0.050980000000000004,0.052360000000000004,0.0811,0.05295999999999999,0.050019999999999995,0.04776,0.048900000000000006,0.04672,0.06224,0.07032000000000001,0.06459999999999999,0.05913999999999999,0.06218,0.0623,0.058499999999999996,0.06262000000000001,0.6676399999999999,0.4530200000000001,0.33954,0.33314000000000005,0.36676000000000003,0.43500000000000005,0.37356,0.67752,0.05322,0.059419999999999994,0.05698000000000001,0.05872000000000001,0.05478000000000001,0.059,0.05669999999999999,0.05432
158,302601.151,0.050440000000000006,0.05258,0.08084,0.053000000000000005,0.05069999999999999,0.047959999999999996,0.0489,0.04618,0.06011999999999999,0.0662,0.06567999999999999,0.0643,0.05824,0.05974,0.05620000000000001,0.059219999999999995,0.67232,0.52978,0.35936,0.41056,0.38902000000000003,0.45552000000000004,0.38528,0.66754,0.0528,0.06082,0.05738,0.05904,0.055580000000000004,0.05808,0.05636000000000001,0.05382
159,304498.981,0.0505,0.0514,0.0807,0.05304,0.04938,0.0486,0.0488,0.04626,0.06,0.06986,0.06498,0.0633,0.06033999999999999,0.06006,0.05508,0.06386,0.69244,0.5312000000000001,0.36014,0.37868,0.4030600000000001,0.4604000000000001,0.39957999999999994,0.69018,0.053059999999999996,0.06074,0.057519999999999995,0.05684,0.05502,0.05946,0.05517999999999999,0.05344
160,306396.792,0.050280000000000005,0.05245999999999999,0.08077999999999999,0.0521,0.04918,0.0481,0.0487,0.04598,0.05906,0.06720000000000001,0.0643,0.06024,0.06527999999999999,0.058640000000000005,0.06038,0.06114000000000001,0.69892,0.53998,0.37494,0.38201999999999997,0.38996000000000003,0.45532000000000006,0.42171999999999993,0.6733999999999999,0.05292,0.060300000000000006,0.05678,0.05782,0.05358,0.05766,0.0556,0.05394
161,308294.574,0.05072,0.052059999999999995,0.08076000000000001,0.05262,0.0495,0.04806,0.04926,0.04676,0.06096,0.06984,0.06404000000000001,0.06322,0.06266000000000001,0.06558,0.05564,0.06011999999999999,0.70968,0.56614,0.38754,0.41590000000000005,0.40132,0.45594,0.41669999999999996,0.69314,0.05308,0.0605,0.05824,0.05895999999999999,0.05342,0.056620000000000004,0.055479999999999995,0.05392
162,310192.539,0.050039999999999994,0.0523,0.08120000000000001,0.052599999999999994,0.05052000000000001,0.04934,0.0495,0.04708,0.05995999999999999,0.06713999999999999,0.06499999999999999,0.05956,0.06328,0.060919999999999995,0.05582,0.060860000000000004,0.71734,0.5606,0.38248,0.41822,0.41376,0.45246,0.43688000000000005,0.6849000000000001,0.05291999999999999,0.06133999999999999,0.05808,0.05683999999999999,0.0539,0.05884,0.05614,0.055459999999999995
163,312090.504,0.050039999999999994,0.05118,0.08102000000000001,0.05228000000000001,0.049280000000000004,0.04858,0.048620000000000003,0.04646,0.06058,0.06892000000000001,0.0625,0.061880000000000004,0.061459999999999994,0.061399999999999996,0.05708,0.06178,0.73356,0.5743400000000001,0.41456,0.41782,0.40996000000000005,0.41744000000000003,0.45586000000000004,0.67832,0.05292000000000001,0.061880000000000004,0.05841999999999999,0.05678,0.05334,0.05778,0.05638,0.05486
164,313988.433,0.05044,0.051239999999999994,0.0809,0.05212,0.04938,0.048600000000000004,0.048799999999999996,0.04626,0.06178,0.06616,0.06246,0.061619999999999994,0.05739999999999999,0.06576,0.06323999999999999,0.06337999999999999,0.7313,0.5731999999999999,0.40828,0.4210999999999999,0.46416,0.44316000000000005,0.5171,0.70692,0.053160000000000006,0.06133999999999999,0.05808,0.05796,0.0534,0.059399999999999994,0.05556,0.05504
165,315886.279,0.04992,0.051280000000000006,0.08048,0.05132,0.04994,0.047819999999999994,0.0486,0.04704,0.059759999999999994,0.06586,0.06318,0.0601,0.05708,0.06251999999999999,0.05848,0.06312,0.74522,0.59426,0.42514,0.44032,0.49060000000000004,0.5278600000000001,0.54402,0.6855,0.05286,0.06305999999999999,0.05811999999999999,0.06152,0.053700000000000005,0.059160000000000004,0.05528000000000001,0.05567999999999999
166,317784.155,0.05023999999999999,0.0514,0.07992,0.0517,0.04984,0.048839999999999995,0.048960000000000004,0.04722,0.05928,0.06654000000000002,0.06756,0.06306,0.06432,0.0632,0.06098,0.060419999999999995,0.73548,0.5837200000000001,0.4723800000000001,0.44642,0.5450999999999999,0.56584,0.53886,0.70748,0.05296000000000001,0.061419999999999995,0.05611999999999999,0.06048,0.053239999999999996,0.05824,0.0553,0.05626000000000001
167,319681.886,0.05005999999999999,0.05139999999999999,0.08024,0.0519,0.04936,0.04842,0.0491,0.04726,0.058719999999999994,0.06695999999999999,0.06332,0.06473999999999999,0.06306,0.05978,0.05932,0.06376,0.7417,0.5997600000000001,0.50152,0.4382,0.5139199999999999,0.5356400000000001,0.55614,0.70408,0.05297999999999999,0.0613,0.055400000000000005,0.06163999999999999,0.05344,0.055420000000000004,0.05526,0.056979999999999996
168,321579.485,0.04972000000000001,0.05194000000000001,0.08009999999999999,0.0529,0.04945999999999999,0.048060000000000005,0.0494,0.047560000000000005,0.05928,0.06862,0.06622,0.06338,0.05658,0.06354,0.05906,0.061419999999999995,0.73444,0.6105599999999999,0.51592,0.46642,0.54588,0.59102,0.54814,0.7152,0.05282,0.06126,0.05532,0.057319999999999996,0.05338,0.05854,0.05256000000000001,0.05826
169,323477.599,0.049879999999999994,0.05184,0.08012,0.05264,0.0495,0.04848,0.049,0.046880000000000005,0.060340000000000005,0.06516,0.06423999999999999,0.06332,0.05774,0.0673,0.05626,0.061619999999999994,0.75184,0.5984999999999999,0.5412399999999999,0.49026000000000003,0.5372,0.58666,0.5894,0.6344399999999999,0.05286,0.058820000000000004,0.055720000000000006,0.05920000000000001,0.05442,0.0605,0.051859999999999996,0.05502
170,325375.591,0.04946,0.050859999999999995,0.0806,0.05212,0.0497,0.04846,0.048839999999999995,0.04796,0.06056,0.06568,0.0653,0.06305999999999999,0.06028,0.06484,0.05650000000000001,0.061380000000000004,0.75084,0.6022200000000001,0.55932,0.46812,0.54588,0.55228,0.5576800000000001,0.66944,0.05276000000000001,0.05770000000000001,0.05626,0.059179999999999996,0.051239999999999994,0.06702,0.0518,0.054880000000000005
171,327273.411,0.04958,0.050980000000000004,0.08064,0.0523,0.050460000000000005,0.04828,0.049,0.04824,0.0602,0.06872,0.06548000000000001,0.063,0.0612,0.06013999999999999,0.06096,0.0605,0.74688,0.60276,0.56236,0.48064,0.57846,0.59478,0.5670599999999999,0.67694,0.0531,0.0602,0.05711999999999999,0.05424,0.05144,0.06132,0.05232,0.05669999999999999
172,329171.132,0.04972,0.051239999999999994,0.08022,0.051879999999999996,0.04984000000000001,0.04818,0.04918,0.04875999999999999,0.06062000000000001,0.06644000000000001,0.06695999999999999,0.06304000000000001,0.06251999999999999,0.0613,0.059640000000000006,0.05946,0.76722,0.6163800000000001,0.55606,0.5091399999999999,0.55534,0.5920799999999999,0.5687,0.69048,0.05308,0.05974,0.05791999999999999,0.05556,0.05144,0.0591,0.052259999999999994,0.05788
173,331068.981,0.0495,0.051019999999999996,0.08014,0.052480000000000006,0.049659999999999996,0.04832,0.04898,0.048240000000000005,0.060140000000000006,0.06694,0.0663,0.06336,0.059860000000000003,0.06,0.06033999999999999,0.060820000000000006,0.74238,0.61028,0.5573400000000001,0.53858,0.58434,0.60668,0.6002799999999999,0.63274,0.05286,0.05978,0.056999999999999995,0.05946,0.0514,0.05704,0.05244,0.057420000000000006
174,332966.904,0.04948,0.051019999999999996,0.08022,0.05194,0.049280000000000004,0.0484,0.04923999999999999,0.0479,0.060880000000000004,0.06616,0.06781999999999999,0.061919999999999996,0.06362000000000001,0.060219999999999996,0.05992000000000001,0.06468,0.7602,0.60982,0.5605800000000001,0.5771200000000001,0.57154,0.62532,0.5873800000000001,0.69044,0.05312,0.05874,0.05674,0.061,0.051519999999999996,0.06068,0.05284,0.058539999999999995
175,334864.82,0.04970000000000001,0.051039999999999995,0.07914,0.05073999999999999,0.04856,0.047119999999999995,0.0482,0.04638,0.06152,0.06584,0.06458,0.06304000000000001,0.05878,0.06035999999999999,0.059399999999999994,0.06018,0.7659999999999999,0.56714,0.58546,0.58274,0.5639000000000001,0.62614,0.5725,0.6955,0.053059999999999996,0.06078,0.05650000000000001,0.0583,0.05068,0.056499999999999995,0.05206000000000001,0.05758
176,336762.575,0.0497,0.0507,0.07968,0.0518,0.0492,0.047760000000000004,0.04904000000000001,0.046540000000000005,0.057819999999999996,0.0641,0.0637,0.06152,0.058140000000000004,0.05976,0.05802,0.0601,0.76278,0.5829599999999999,0.58412,0.5894599999999999,0.5747,0.61394,0.5961799999999999,0.73184,0.05284,0.0608,0.05666,0.05944000000000001,0.051539999999999996,0.056299999999999996,0.05294,0.05714
177,338660.403,0.0493,0.05044,0.07976,0.05178000000000001,0.04896,0.04748000000000001,0.04854,0.046239999999999996,0.05796,0.06516,0.06294,0.0622,0.05516000000000001,0.059719999999999995,0.058660000000000004,0.05922000000000001,0.77348,0.61626,0.57504,0.6119399999999999,0.5819,0.6220800000000001,0.59012,0.7357199999999999,0.05282,0.061380000000000004,0.05708,0.060419999999999995,0.05179999999999999,0.055920000000000004,0.05322,0.056679999999999994
178,340558.063,0.04942,0.05032,0.07964,0.05147999999999999,0.049659999999999996,0.0475,0.048519999999999994,0.046740000000000004,0.05968,0.06552,0.06416000000000001,0.061360000000000005,0.06100000000000001,0.060219999999999996,0.05608,0.05816,0.7677799999999999,0.61288,0.57542,0.60456,0.60388,0.6199800000000001,0.59238,0.72744,0.05292,0.0624,0.056679999999999994,0.059539999999999996,0.05174000000000001,0.059179999999999996,0.05348000000000001,0.059
179,342455.654,0.049060000000000006,0.0509,0.07922,0.052500000000000005,0.049640000000000004,0.047799999999999995,0.04856,0.046540000000000005,0.05848,0.06552,0.0629,0.06438,0.05598000000000001,0.05874,0.056519999999999994,0.06062000000000001,0.76312,0.61208,0.58938,0.5941799999999999,0.5740799999999999,0.59134,0.6171999999999999,0.7382,0.05282,0.061660000000000006,0.056459999999999996,0.06068,0.05188,0.056519999999999994,0.05322,0.0566
180,344353.42,0.04922,0.05058,0.0795,0.0514,0.0508,0.0478,0.048960000000000004,0.046060000000000004,0.05968,0.06456,0.0633,0.05996,0.060340000000000005,0.057640000000000004,0.056499999999999995,0.05928,0.75356,0.61466,0.58656,0.60964,0.6008800000000001,0.6259399999999999,0.5935,0.71588,0.053059999999999996,0.06342,0.0571,0.06042000000000001,0.0517,0.05574,0.05382,0.05600000000000001
181,346251.14,0.04975999999999999,0.05018,0.07927999999999999,0.051500000000000004,0.04936,0.048279999999999997,0.048659999999999995,0.04664,0.05806,0.06484,0.06495999999999999,0.06572,0.06318,0.06464,0.057640000000000004,0.06022000000000001,0.74004,0.62092,0.58992,0.62502,0.5868599999999999,0.6041200000000001,0.6054600000000001,0.7379,0.05311999999999999,0.0627,0.05682,0.06008,0.05178000000000001,0.057179999999999995,0.054220000000000004,0.057179999999999995
182,348149.007,0.0491,0.05025999999999999,0.07905999999999999,0.051500000000000004,0.04895999999999999,0.047819999999999994,0.04864,0.046239999999999996,0.059179999999999996,0.06295999999999999,0.06473999999999999,0.06085999999999999,0.05676,0.06514,0.060939999999999994,0.06168,0.73674,0.5952,0.60878,0.5963999999999998,0.60062,0.62548,0.6247,0.7292799999999999,0.052879999999999996,0.06117999999999999,0.058179999999999996,0.058640000000000005,0.051759999999999994,0.059120000000000006,0.05412,0.0586
