cycle_n,time_s,CO2 %,O2 %,CCMB1GFP,CCMB1 lsPrk,CCMB1 prk2021,CCMB1 K194M,bwGFP,CAfree GFP,drpi GFP,drpi lsPrk,CCMB1GFP,CCMB1 lsPrk,CCMB1 prk2021,CCMB1 K194M,bwGFP,CAfree GFP,drpi GFP,drpi lsPrk,CCMB1GFP,CCMB1 lsPrk,CCMB1 prk2021,CCMB1 K194M,bwGFP,CAfree GFP,drpi GFP,drpi lsPrk,CCMB1GFP,CCMB1 lsPrk,CCMB1 prk2021,CCMB1 K194M,bwGFP,CAfree GFP,drpi GFP,drpi lsPrk,CCMB1GFP,CCMB1 lsPrk,CCMB1 prk2021,CCMB1 K194M,bwGFP,CAfree GFP,drpi GFP,drpi lsPrk,CCMB1GFP,CCMB1 lsPrk,CCMB1 prk2021,CCMB1 K194M,bwGFP,CAfree GFP,drpi GFP,drpi lsPrk,CCMB1GFP + aTc,CCMB1 lsPrk + aTc,CCMB1 prk2021 + aTc,CCMB1 K194M + aTc,bwGFP + aTc,CAfree GFP + aTc,drpi GFP + aTc,drpi lsPrk + aTc,CCMB1GFP + aTc,CCMB1 lsPrk + aTc,CCMB1 prk2021 + aTc,CCMB1 K194M + aTc,bwGFP + aTc,CAfree GFP + aTc,drpi GFP + aTc,drpi lsPrk + aTc,CCMB1GFP + aTc,CCMB1 lsPrk + aTc,CCMB1 prk2021 + aTc,CCMB1 K194M + aTc,bwGFP + aTc,CAfree GFP + aTc,drpi GFP + aTc,drpi lsPrk + aTc,CCMB1GFP + aTc,CCMB1 lsPrk + aTc,CCMB1 prk2021 + aTc,CCMB1 K194M + aTc,bwGFP + aTc,CAfree GFP + aTc,drpi GFP + aTc,drpi lsPrk + aTc,CCMB1GFP + aTc,CCMB1 lsPrk + aTc,CCMB1 prk2021 + aTc,CCMB1 K194M + aTc,bwGFP + aTc,CAfree GFP + aTc,drpi GFP + aTc,drpi lsPrk + aTc,CCMB1GFP + aTc,CCMB1 lsPrk + aTc,CCMB1 prk2021 + aTc,CCMB1 K194M + aTc,bwGFP + aTc,CAfree GFP + aTc,drpi GFP + aTc,drpi lsPrk + aTc
1,0.0,5.0,19.7,0.0442,0.0451,0.0527,0.0448,0.0774,0.0531,0.0702,0.053,0.0448,0.046,0.0465,0.0531,0.0622,0.0558,0.0462,0.0438,0.0444,0.0461,0.0468,0.0463,0.063,0.0603,0.0451,0.0437,0.0449,0.0469,0.0464,0.0456,0.0615,0.0536,0.0445,0.0435,0.0434,0.0459,0.0467,0.0452,0.061,0.0558,0.0455,0.0437,0.0432,0.0448,0.0464,0.059,0.0565,0.0548,0.0448,0.0433,0.0434,0.0453,0.0455,0.0445,0.0639,0.056,0.0448,0.0431,0.044,0.0466,0.0454,0.0445,0.0624,0.0536,0.0457,0.0435,0.0444,0.0469,0.047,0.0466,0.0635,0.0597,0.0458,0.0441,0.0444,0.0467,0.0467,0.0457,0.0617,0.0542,0.0451,0.044,0.0441,0.0455,0.0451,0.0451,0.0575,0.0534,0.0451,0.0432,0.0437,0.0453,0.0454,0.0448,0.0555,0.0545,0.0438,0.0438
2,1799.093,5.0,19.6,0.0444,0.0454,0.0748,0.0452,0.1027,0.0545,0.0728,0.059,0.045,0.0463,0.047,0.0589,0.0633,0.0546,0.0455,0.0439,0.0447,0.0465,0.047,0.0464,0.0614,0.0577,0.045,0.0439,0.0447,0.0467,0.0469,0.0459,0.0638,0.0554,0.0449,0.0437,0.0436,0.0457,0.0476,0.0456,0.0656,0.0584,0.0457,0.044,0.0433,0.0454,0.047,0.0658,0.0612,0.0569,0.0449,0.0434,0.0438,0.0458,0.0463,0.0449,0.0703,0.06,0.0448,0.0433,0.0443,0.047,0.0463,0.0453,0.0624,0.0561,0.0458,0.0437,0.0445,0.0472,0.0477,0.0469,0.073,0.0622,0.0463,0.0445,0.0446,0.0466,0.0467,0.0461,0.0648,0.0569,0.0454,0.0441,0.0443,0.0455,0.0454,0.0452,0.0595,0.0552,0.0455,0.0431,0.044,0.0457,0.0458,0.0451,0.0572,0.0568,0.0441,0.044
3,3599.015,5.0,19.7,0.0446,0.0458,0.0523,0.0454,0.0802,0.0583,0.0782,0.0601,0.0452,0.0465,0.0471,0.0595,0.0669,0.0573,0.0452,0.044,0.0448,0.0467,0.0474,0.0467,0.0661,0.061,0.0451,0.0438,0.0448,0.0468,0.0471,0.0461,0.0688,0.0584,0.045,0.0437,0.0437,0.0459,0.0478,0.0458,0.0713,0.0618,0.0457,0.0439,0.0434,0.0455,0.0473,0.0683,0.0677,0.0615,0.0449,0.0435,0.0438,0.0462,0.0466,0.0451,0.0775,0.064,0.0448,0.0432,0.0442,0.0473,0.0465,0.0455,0.0665,0.0589,0.0458,0.0437,0.0445,0.0479,0.0482,0.047,0.0801,0.0669,0.0463,0.0445,0.0446,0.047,0.0469,0.0461,0.0702,0.0604,0.0454,0.0441,0.0443,0.046,0.0457,0.0455,0.0641,0.0589,0.0455,0.043,0.0441,0.0459,0.046,0.0453,0.0598,0.0588,0.0442,0.0439
4,5398.956,5.0,19.7,0.0448,0.0458,0.0611,0.0454,0.0848,0.0649,0.0495,0.0619,0.0452,0.0467,0.0473,0.0597,0.0737,0.0614,0.0454,0.0439,0.0448,0.0468,0.0475,0.047,0.0723,0.0658,0.045,0.0439,0.0449,0.0469,0.0473,0.0463,0.0764,0.0643,0.045,0.0437,0.0437,0.046,0.048,0.0459,0.0789,0.0694,0.0458,0.0439,0.0435,0.0457,0.0475,0.0685,0.077,0.0694,0.0449,0.0435,0.0439,0.0467,0.0468,0.0454,0.0852,0.0706,0.0448,0.0432,0.0443,0.0479,0.0467,0.0455,0.0728,0.0636,0.0459,0.0437,0.0445,0.0485,0.0484,0.0472,0.0869,0.0729,0.0463,0.0445,0.0447,0.0476,0.0471,0.0462,0.077,0.0662,0.0455,0.0441,0.0443,0.0464,0.0458,0.0456,0.0715,0.0648,0.0456,0.043,0.0441,0.0465,0.0461,0.0455,0.0649,0.0633,0.0442,0.044
5,7198.893,5.0,19.7,0.0447,0.046,0.0696,0.0455,0.1025,0.0704,0.0787,0.062,0.0452,0.0469,0.0474,0.0601,0.0812,0.066,0.0456,0.044,0.0449,0.0469,0.0477,0.0468,0.0798,0.0686,0.0451,0.0439,0.045,0.0471,0.0474,0.0463,0.0855,0.0696,0.0451,0.0437,0.0438,0.0461,0.0483,0.046,0.0868,0.0771,0.046,0.044,0.0437,0.0459,0.0478,0.0678,0.089,0.0787,0.0449,0.0434,0.0441,0.0472,0.047,0.0455,0.0946,0.0779,0.0449,0.0432,0.0445,0.0486,0.0468,0.0457,0.0809,0.0702,0.0459,0.0439,0.0447,0.0492,0.0486,0.0475,0.0959,0.0797,0.0463,0.0445,0.0448,0.0482,0.0473,0.0464,0.086,0.0741,0.0456,0.0441,0.0444,0.0469,0.046,0.0458,0.0824,0.0721,0.0457,0.043,0.0442,0.0471,0.0463,0.0457,0.0726,0.0698,0.0443,0.0439
6,8998.828,5.0,19.7,0.045,0.0461,0.0679,0.0455,0.1229,0.0943,0.0566,0.0623,0.0455,0.047,0.0475,0.0592,0.0893,0.0655,0.0456,0.0442,0.0451,0.047,0.0477,0.047,0.0882,0.0718,0.0451,0.044,0.0452,0.0472,0.0475,0.0464,0.0952,0.0712,0.0451,0.0437,0.0439,0.0463,0.0486,0.0461,0.0945,0.0752,0.046,0.0441,0.0438,0.046,0.0479,0.0684,0.1009,0.0873,0.045,0.0435,0.0442,0.0481,0.0473,0.0458,0.1037,0.0812,0.0449,0.0431,0.0444,0.0497,0.047,0.0459,0.0892,0.0784,0.0462,0.0438,0.0448,0.0506,0.0488,0.0478,0.1047,0.0846,0.0464,0.0445,0.045,0.0492,0.0475,0.0466,0.0965,0.0764,0.0456,0.0441,0.0446,0.0479,0.0461,0.046,0.0943,0.0785,0.0457,0.043,0.0443,0.0481,0.0464,0.0458,0.0806,0.0757,0.0443,0.044
7,10798.751,5.0,19.7,0.0451,0.0461,0.0644,0.0457,0.1306,0.122,0.0627,0.0625,0.0456,0.0472,0.0478,0.0598,0.0995,0.0673,0.0459,0.0442,0.0452,0.0472,0.048,0.0472,0.0972,0.0752,0.0453,0.0441,0.0453,0.0473,0.0477,0.0465,0.1075,0.0767,0.0452,0.0438,0.044,0.0463,0.0486,0.0461,0.1027,0.0773,0.0461,0.0442,0.0439,0.0461,0.048,0.0679,0.1134,0.0919,0.0451,0.0436,0.0443,0.0495,0.0475,0.046,0.1139,0.0843,0.0452,0.0433,0.0445,0.0512,0.0471,0.0461,0.097,0.0846,0.0463,0.0439,0.0449,0.0522,0.0489,0.0481,0.1146,0.0904,0.0466,0.0446,0.0451,0.0506,0.0477,0.0468,0.1063,0.0839,0.0458,0.0441,0.0446,0.0494,0.0462,0.0462,0.1057,0.0777,0.0458,0.0431,0.0443,0.0497,0.0466,0.0461,0.0897,0.0806,0.0444,0.0441
8,12598.69,5.0,19.7,0.0453,0.0463,0.0596,0.0458,0.119,0.1682,0.0681,0.0626,0.0456,0.0473,0.0479,0.06,0.1113,0.0781,0.0458,0.0441,0.0454,0.0472,0.0481,0.0474,0.1051,0.0726,0.0455,0.044,0.0455,0.0475,0.0478,0.0467,0.1203,0.0827,0.0454,0.0438,0.0441,0.0465,0.0489,0.0463,0.1114,0.0837,0.0464,0.0441,0.0441,0.0463,0.0481,0.0676,0.1281,0.0877,0.0453,0.0435,0.0445,0.0514,0.0475,0.0464,0.125,0.0852,0.0452,0.0433,0.0446,0.0529,0.0472,0.0463,0.1052,0.0858,0.0464,0.0441,0.045,0.0544,0.0491,0.0483,0.1237,0.0831,0.0468,0.0446,0.0453,0.0525,0.0478,0.0472,0.115,0.0815,0.046,0.0442,0.0448,0.0512,0.0463,0.0464,0.1159,0.0776,0.0461,0.0431,0.0444,0.0514,0.0466,0.0466,0.1012,0.0877,0.0446,0.0441
9,14398.614,5.0,19.7,0.0453,0.0466,0.0578,0.0459,0.1401,0.1283,0.0519,0.0627,0.0458,0.0475,0.048,0.0595,0.1216,0.083,0.046,0.0442,0.0455,0.0474,0.0482,0.0475,0.1147,0.0776,0.0455,0.0441,0.0456,0.0477,0.048,0.0467,0.1334,0.0876,0.0455,0.0439,0.0442,0.0467,0.0489,0.0464,0.1213,0.0885,0.0465,0.0442,0.0442,0.0465,0.0483,0.0675,0.1443,0.0897,0.0455,0.0436,0.0445,0.0537,0.0477,0.0466,0.1377,0.088,0.0455,0.0433,0.0448,0.0554,0.0474,0.0466,0.1144,0.0867,0.0466,0.0444,0.0451,0.0575,0.0493,0.0488,0.134,0.0859,0.047,0.0446,0.0453,0.0549,0.0479,0.0474,0.1239,0.086,0.0462,0.0443,0.0448,0.0534,0.0464,0.0467,0.1266,0.0822,0.0463,0.0431,0.0446,0.0539,0.0468,0.0468,0.1164,0.0948,0.0448,0.044
10,16198.523,5.0,19.7,0.0455,0.0465,0.0603,0.046,0.1443,0.1225,0.0569,0.0625,0.0459,0.0477,0.0482,0.0584,0.1354,0.0917,0.046,0.0442,0.0456,0.0476,0.0483,0.0476,0.1252,0.0818,0.0456,0.0442,0.0457,0.0478,0.0481,0.0468,0.1465,0.0952,0.0456,0.0438,0.0443,0.0468,0.049,0.0465,0.1326,0.0964,0.0467,0.0443,0.0443,0.0466,0.0483,0.0681,0.1611,0.0973,0.0456,0.0437,0.0446,0.0568,0.0479,0.047,0.1488,0.0928,0.0456,0.0434,0.0449,0.0585,0.0474,0.0468,0.1243,0.0927,0.0469,0.045,0.0452,0.0613,0.0494,0.0492,0.1425,0.0929,0.0471,0.0447,0.0455,0.0579,0.048,0.0477,0.1328,0.0949,0.0463,0.0442,0.0449,0.0563,0.0464,0.047,0.1378,0.0904,0.0463,0.0432,0.0447,0.0571,0.0469,0.0472,0.1348,0.1039,0.045,0.0441
11,17998.461,5.0,19.7,0.0455,0.0466,0.0687,0.0462,0.1621,0.1162,0.0645,0.0624,0.046,0.0478,0.0483,0.0576,0.149,0.1004,0.0464,0.0445,0.0457,0.0476,0.0484,0.0478,0.1397,0.0876,0.0459,0.0444,0.0458,0.0479,0.0482,0.047,0.1613,0.1014,0.0459,0.044,0.0444,0.0469,0.0492,0.0466,0.1439,0.1046,0.0469,0.0444,0.0444,0.0467,0.0485,0.067,0.1756,0.1072,0.0459,0.0438,0.0448,0.0607,0.048,0.0474,0.1631,0.1009,0.0458,0.0435,0.045,0.0623,0.0475,0.0473,0.1361,0.101,0.0471,0.0461,0.0454,0.066,0.0496,0.0496,0.1534,0.116,0.0475,0.0448,0.0456,0.062,0.0481,0.048,0.1433,0.1049,0.0465,0.0444,0.0451,0.0599,0.0466,0.0472,0.1501,0.1061,0.0466,0.0432,0.0449,0.0613,0.047,0.0476,0.1555,0.1121,0.0451,0.0443
12,19798.416,5.0,19.7,0.0457,0.0466,0.0581,0.0461,0.1778,0.1315,0.0604,0.0625,0.0461,0.0478,0.0483,0.0564,0.162,0.1127,0.0465,0.0445,0.0457,0.0477,0.0484,0.0476,0.1498,0.0974,0.046,0.0444,0.0458,0.048,0.048,0.0469,0.1731,0.1114,0.0461,0.044,0.0444,0.0469,0.0492,0.0466,0.1518,0.1125,0.0471,0.0444,0.0444,0.0468,0.0486,0.0658,0.1891,0.1596,0.046,0.0438,0.0448,0.0655,0.048,0.0476,0.172,0.1102,0.0461,0.0434,0.045,0.0671,0.0475,0.0473,0.1472,0.1268,0.0473,0.0483,0.0453,0.0714,0.0495,0.0499,0.1627,0.1349,0.0476,0.0448,0.0456,0.0662,0.0482,0.0483,0.1529,0.1272,0.0467,0.0442,0.0451,0.0643,0.0465,0.0475,0.1608,0.1192,0.0468,0.0432,0.0448,0.066,0.047,0.0478,0.1755,0.1262,0.0454,0.0443
13,21598.333,5.0,19.7,0.0457,0.0469,0.0657,0.0463,0.2108,0.1597,0.085,0.0626,0.0462,0.0482,0.0484,0.0555,0.1845,0.1259,0.0472,0.0445,0.0459,0.0479,0.0485,0.0478,0.1655,0.108,0.0461,0.0445,0.046,0.048,0.0483,0.0471,0.1898,0.1197,0.0462,0.0441,0.0447,0.0471,0.0493,0.0467,0.1662,0.1241,0.0473,0.0444,0.0445,0.047,0.0487,0.0642,0.209,0.1671,0.0462,0.0438,0.0449,0.0712,0.0482,0.048,0.1877,0.1214,0.0463,0.0434,0.0451,0.0726,0.0477,0.0477,0.159,0.141,0.0474,0.0522,0.0454,0.0781,0.0497,0.0504,0.1754,0.144,0.0479,0.0448,0.0457,0.0717,0.0482,0.0485,0.1635,0.1359,0.0468,0.0444,0.0451,0.0696,0.0467,0.0478,0.1726,0.1283,0.0469,0.0432,0.0449,0.0722,0.0471,0.0483,0.2003,0.1385,0.0455,0.0444
14,23398.265,5.0,19.7,0.0458,0.0469,0.0581,0.0462,0.2205,0.217,0.0572,0.0621,0.0462,0.0481,0.0484,0.0545,0.1978,0.1379,0.0469,0.0447,0.0459,0.0479,0.0485,0.0479,0.1762,0.1334,0.0463,0.0445,0.0461,0.0481,0.0483,0.0471,0.2035,0.1279,0.0464,0.0441,0.0446,0.0471,0.0494,0.0467,0.1754,0.1326,0.0475,0.0445,0.0446,0.047,0.0487,0.0627,0.2254,0.1693,0.0463,0.0439,0.045,0.0779,0.0482,0.0483,0.1981,0.124,0.0462,0.0435,0.0452,0.0789,0.0477,0.0478,0.1705,0.1473,0.0477,0.0585,0.0455,0.0851,0.0498,0.0508,0.1833,0.1424,0.048,0.0448,0.0458,0.0775,0.0482,0.0488,0.1725,0.1352,0.047,0.0444,0.0453,0.0754,0.0468,0.048,0.1831,0.1309,0.0471,0.0432,0.045,0.0784,0.0473,0.0486,0.218,0.1469,0.0457,0.0442
15,25198.209,5.0,19.7,0.0458,0.0469,0.0691,0.0464,0.2626,0.3122,0.0544,0.061,0.0462,0.0483,0.0486,0.0533,0.2228,0.1567,0.0471,0.0447,0.0461,0.048,0.0486,0.0481,0.1941,0.194,0.0464,0.0445,0.0461,0.0482,0.0483,0.0472,0.2233,0.148,0.0464,0.0441,0.0446,0.0473,0.0493,0.0468,0.1912,0.1453,0.0477,0.0446,0.0447,0.0471,0.0487,0.0612,0.2442,0.1811,0.0465,0.044,0.0451,0.0847,0.0483,0.0486,0.2163,0.1354,0.0465,0.0435,0.0452,0.0854,0.0477,0.0483,0.1854,0.1541,0.0479,0.0695,0.0455,0.0929,0.0498,0.0512,0.1976,0.1475,0.0482,0.0449,0.0458,0.0835,0.0484,0.0492,0.1847,0.1437,0.0472,0.0444,0.0453,0.0813,0.0468,0.0484,0.1975,0.1405,0.0473,0.0432,0.0451,0.086,0.0473,0.0491,0.234,0.1634,0.0458,0.0444
16,26998.13,5.0,19.7,0.0459,0.0471,0.0576,0.0464,0.2607,0.3204,0.0691,0.0605,0.0463,0.0484,0.0487,0.0522,0.2373,0.1733,0.0475,0.0447,0.0461,0.0481,0.0487,0.048,0.2109,0.1917,0.0465,0.0447,0.0462,0.0483,0.0484,0.0472,0.2382,0.1746,0.0467,0.0442,0.0447,0.0474,0.0495,0.0469,0.2045,0.1614,0.048,0.0447,0.0447,0.0472,0.0488,0.0594,0.2567,0.2026,0.0467,0.0441,0.0452,0.092,0.0484,0.049,0.2351,0.1505,0.0467,0.0435,0.0453,0.0932,0.0478,0.0484,0.1968,0.1667,0.0483,0.0813,0.0457,0.1015,0.05,0.0516,0.2148,0.1578,0.0484,0.0448,0.0459,0.0899,0.0485,0.0494,0.1967,0.1546,0.0474,0.0445,0.0453,0.088,0.0469,0.0487,0.2075,0.1537,0.0474,0.0431,0.0451,0.0932,0.0474,0.0493,0.2496,0.1814,0.046,0.0444
17,28798.057,5.0,19.7,0.0458,0.0473,0.0614,0.0463,0.2856,0.3302,0.062,0.0594,0.0463,0.0486,0.0487,0.0506,0.2529,0.1847,0.0472,0.0449,0.0461,0.0481,0.0488,0.048,0.2248,0.1892,0.0466,0.0448,0.0463,0.0483,0.0483,0.0472,0.252,0.1955,0.0468,0.0443,0.0447,0.0473,0.0496,0.0469,0.2165,0.1738,0.0479,0.0446,0.0448,0.0472,0.0489,0.0577,0.2743,0.2239,0.0467,0.044,0.0452,0.0997,0.0484,0.0492,0.2542,0.1664,0.0468,0.0436,0.0453,0.1005,0.0479,0.0486,0.2064,0.182,0.0484,0.0965,0.0457,0.1099,0.05,0.052,0.2315,0.1688,0.0486,0.0449,0.046,0.0966,0.0485,0.0498,0.2063,0.1654,0.0474,0.0445,0.0454,0.0947,0.0469,0.0489,0.2194,0.1658,0.0476,0.0432,0.0452,0.1015,0.0475,0.0497,0.2664,0.192,0.0462,0.0444
18,30597.991,5.0,19.7,0.0461,0.0473,0.059,0.0464,0.3367,0.3855,0.0569,0.0583,0.0464,0.0488,0.0488,0.049,0.2796,0.2037,0.0475,0.0448,0.0463,0.0482,0.0488,0.048,0.2479,0.1973,0.0469,0.0447,0.0464,0.0485,0.0485,0.0472,0.2763,0.2182,0.047,0.0445,0.0448,0.0474,0.0497,0.0469,0.2351,0.1876,0.0482,0.0448,0.0448,0.0473,0.0489,0.0568,0.3019,0.2478,0.0469,0.0441,0.0453,0.1081,0.0486,0.0497,0.2706,0.1788,0.047,0.0437,0.0454,0.1086,0.0479,0.049,0.2208,0.1995,0.0485,0.1158,0.0457,0.1185,0.0501,0.0524,0.2425,0.1813,0.0488,0.045,0.046,0.1027,0.0486,0.0501,0.2185,0.1777,0.0476,0.0445,0.0456,0.1007,0.047,0.0493,0.2361,0.1766,0.0478,0.0433,0.0453,0.1091,0.0475,0.0501,0.29,0.203,0.0464,0.0446
19,32397.914,5.0,19.7,0.046,0.0474,0.0593,0.0465,0.3518,0.3661,0.0819,0.0576,0.0464,0.0489,0.0488,0.0471,0.3011,0.2168,0.0481,0.045,0.0463,0.0484,0.0489,0.0482,0.2635,0.2023,0.0467,0.0449,0.0464,0.0485,0.0485,0.0473,0.2993,0.2269,0.047,0.0445,0.0448,0.0475,0.0498,0.0469,0.25,0.1992,0.0484,0.0449,0.0449,0.0474,0.049,0.0552,0.325,0.259,0.0471,0.0442,0.0453,0.1157,0.0486,0.0501,0.2816,0.1877,0.047,0.0436,0.0455,0.1169,0.048,0.0493,0.2402,0.2156,0.0487,0.1419,0.0458,0.1278,0.0502,0.0529,0.2547,0.1965,0.049,0.045,0.0461,0.1095,0.0486,0.0504,0.2384,0.1933,0.0477,0.0446,0.0455,0.108,0.0469,0.0496,0.2587,0.1907,0.0478,0.0433,0.0453,0.1176,0.0476,0.0504,0.3173,0.2195,0.0464,0.0446
20,34197.857,5.0,19.7,0.0461,0.0476,0.0726,0.0464,0.4004,0.3538,0.0663,0.0561,0.0465,0.0491,0.0491,0.0469,0.3312,0.2367,0.0478,0.045,0.0463,0.0484,0.049,0.0481,0.2923,0.22,0.0469,0.0448,0.0465,0.0485,0.0485,0.0473,0.3271,0.2481,0.0471,0.0445,0.0448,0.0476,0.0498,0.0469,0.2733,0.2184,0.0485,0.045,0.0449,0.0475,0.0491,0.0537,0.3559,0.28,0.0472,0.0444,0.0454,0.1245,0.0486,0.0505,0.3029,0.2054,0.0471,0.0437,0.0455,0.1247,0.048,0.0495,0.2637,0.2375,0.0488,0.1679,0.0459,0.1361,0.0503,0.0533,0.2749,0.2166,0.0491,0.045,0.0462,0.115,0.0486,0.0507,0.2601,0.2095,0.0479,0.0446,0.0457,0.1138,0.0471,0.0499,0.283,0.2098,0.048,0.0434,0.0455,0.1254,0.0476,0.0509,0.3453,0.2402,0.0466,0.0446
21,35997.793,5.0,19.7,0.0461,0.0477,0.0643,0.0466,0.4504,0.3563,0.0716,0.0552,0.0466,0.0492,0.0491,0.047,0.3625,0.2529,0.0479,0.0451,0.0464,0.0485,0.049,0.0483,0.3211,0.2417,0.047,0.045,0.0466,0.0486,0.0486,0.0473,0.3593,0.2658,0.0472,0.0446,0.0449,0.0477,0.0499,0.047,0.2975,0.2404,0.0486,0.045,0.045,0.0476,0.0491,0.0519,0.3883,0.2916,0.0473,0.0444,0.0455,0.1303,0.0488,0.0508,0.3267,0.2259,0.0473,0.0437,0.0455,0.1311,0.0482,0.0498,0.291,0.2553,0.049,0.1901,0.0458,0.1422,0.0504,0.0539,0.2983,0.2381,0.0492,0.0452,0.0462,0.1204,0.0488,0.0511,0.2862,0.2262,0.048,0.0447,0.0457,0.1197,0.0471,0.0502,0.3105,0.2298,0.0481,0.0433,0.0454,0.1326,0.0477,0.0512,0.3779,0.2641,0.0466,0.0448
22,37797.696,5.0,19.7,0.0462,0.048,0.069,0.0468,0.4778,0.4326,0.0553,0.0536,0.0467,0.0495,0.0493,0.0471,0.4017,0.2823,0.0482,0.0451,0.0465,0.0486,0.0491,0.0484,0.3543,0.2624,0.0471,0.045,0.0466,0.0487,0.0487,0.0474,0.396,0.2868,0.0473,0.0448,0.045,0.0478,0.0499,0.047,0.3224,0.2624,0.0488,0.0451,0.0451,0.0477,0.0492,0.05,0.4226,0.3065,0.0474,0.0445,0.0455,0.1364,0.0489,0.0512,0.3529,0.2443,0.0475,0.0438,0.0456,0.1366,0.0483,0.0502,0.3212,0.2722,0.0492,0.2146,0.046,0.1468,0.0504,0.0544,0.3234,0.2524,0.0494,0.0453,0.0462,0.1246,0.0488,0.0514,0.3148,0.2434,0.0483,0.0447,0.0457,0.1245,0.0471,0.0505,0.3411,0.2478,0.0482,0.0434,0.0455,0.139,0.0478,0.0517,0.4135,0.2892,0.0469,0.0448
23,39597.633,5.0,19.8,0.0463,0.0483,0.0751,0.0467,0.5277,0.5868,0.074,0.0519,0.0468,0.0497,0.0496,0.0471,0.4396,0.3347,0.048,0.0452,0.0465,0.0488,0.0492,0.0485,0.3915,0.2861,0.0472,0.0451,0.0466,0.0489,0.0489,0.0476,0.4377,0.3147,0.0475,0.0448,0.0451,0.0479,0.05,0.0471,0.3517,0.2849,0.0489,0.0452,0.0452,0.0478,0.0493,0.0479,0.4655,0.3113,0.0475,0.0446,0.0456,0.1415,0.0489,0.0518,0.3824,0.2749,0.0476,0.0439,0.0457,0.1434,0.0484,0.0505,0.3581,0.2993,0.0493,0.2336,0.046,0.1541,0.0506,0.0548,0.3537,0.2814,0.0496,0.0452,0.0463,0.1285,0.0489,0.0519,0.347,0.2637,0.0482,0.0448,0.0458,0.1273,0.0472,0.051,0.377,0.292,0.0485,0.0435,0.0457,0.1437,0.0479,0.0522,0.4524,0.3253,0.047,0.0448
24,41397.555,5.0,19.7,0.0463,0.0486,0.0603,0.0467,0.5918,0.6556,0.073,0.0499,0.0467,0.05,0.0495,0.0471,0.4871,0.4365,0.0484,0.0453,0.0466,0.049,0.0493,0.0485,0.435,0.3413,0.0472,0.0452,0.0467,0.049,0.0489,0.0475,0.4863,0.4226,0.0475,0.0448,0.045,0.048,0.05,0.0471,0.3825,0.3279,0.049,0.0453,0.0451,0.0479,0.0493,0.0465,0.5155,0.3373,0.0476,0.0446,0.0456,0.1475,0.049,0.0521,0.4114,0.2748,0.0476,0.044,0.0457,0.1482,0.0484,0.0509,0.3993,0.3171,0.0495,0.2581,0.0461,0.1549,0.0506,0.0553,0.3865,0.298,0.0496,0.0453,0.0463,0.132,0.0489,0.0522,0.384,0.2805,0.0483,0.0448,0.0459,0.1307,0.0473,0.0513,0.4142,0.3231,0.0485,0.0435,0.0456,0.1484,0.048,0.0527,0.4955,0.3714,0.0472,0.0449
25,43197.505,5.0,19.8,0.0463,0.0487,0.0617,0.0467,0.6443,0.7201,0.0594,0.0479,0.0467,0.0501,0.0496,0.0472,0.5389,0.5002,0.0483,0.0455,0.0466,0.0489,0.0493,0.0485,0.48,0.3468,0.0472,0.0451,0.0467,0.049,0.0489,0.0475,0.537,0.4449,0.0474,0.0449,0.0451,0.0481,0.0501,0.0472,0.4201,0.3609,0.049,0.0452,0.0452,0.048,0.0494,0.0464,0.5714,0.4283,0.0475,0.0447,0.0457,0.1513,0.0491,0.0525,0.443,0.3086,0.0477,0.0439,0.0457,0.1549,0.0485,0.0511,0.4452,0.3688,0.0495,0.2797,0.0461,0.1632,0.0507,0.0558,0.423,0.3258,0.0496,0.0453,0.0463,0.1348,0.0489,0.0525,0.427,0.3111,0.0483,0.0449,0.0459,0.1333,0.0473,0.0515,0.4576,0.3335,0.0485,0.0435,0.0456,0.1533,0.0481,0.0531,0.5402,0.4366,0.0471,0.045
26,44997.435,5.0,19.8,0.0463,0.0489,0.0583,0.0467,0.7082,0.7766,0.0559,0.0453,0.0467,0.0504,0.0498,0.0472,0.6063,0.571,0.0484,0.0455,0.0467,0.049,0.0494,0.0484,0.5332,0.4798,0.0475,0.0453,0.0468,0.049,0.049,0.0475,0.5998,0.4835,0.0476,0.045,0.045,0.0481,0.0501,0.0471,0.4593,0.5455,0.0492,0.0454,0.0453,0.048,0.0494,0.0465,0.6314,0.5459,0.0477,0.0447,0.0456,0.1561,0.0492,0.0529,0.4763,0.3494,0.0479,0.0441,0.0457,0.1568,0.0486,0.0515,0.4926,0.4145,0.0498,0.3073,0.0461,0.1611,0.0507,0.0563,0.4598,0.3695,0.0499,0.0454,0.0464,0.1354,0.049,0.0529,0.4727,0.3554,0.0486,0.0449,0.0459,0.1365,0.0474,0.0518,0.5064,0.3746,0.0486,0.0436,0.0457,0.1557,0.0482,0.0534,0.5903,0.6726,0.0474,0.0451
27,46797.373,5.0,19.8,0.0464,0.049,0.0636,0.0468,0.78,0.7952,0.0716,0.0455,0.0468,0.0504,0.0499,0.0472,0.678,0.6922,0.0486,0.0456,0.0467,0.049,0.0494,0.0485,0.5995,0.6224,0.0474,0.0454,0.0468,0.0491,0.049,0.0475,0.6718,0.6948,0.0476,0.0449,0.0451,0.0482,0.0501,0.0472,0.5076,0.6097,0.0491,0.0453,0.0452,0.048,0.0493,0.0466,0.7083,0.7543,0.0477,0.0448,0.0456,0.1542,0.0492,0.0534,0.5154,0.4313,0.0479,0.0441,0.0457,0.1655,0.0485,0.0517,0.5541,0.5516,0.0498,0.3334,0.0461,0.171,0.0508,0.0568,0.5066,0.4431,0.0499,0.0455,0.0464,0.1411,0.049,0.0532,0.5327,0.4017,0.0486,0.045,0.0459,0.1399,0.0474,0.0522,0.5672,0.4144,0.0486,0.0436,0.0457,0.16,0.0482,0.0538,0.6515,0.7561,0.0474,0.0451
28,48597.287,5.0,19.8,0.0464,0.049,0.0595,0.0468,0.8712,0.7009,0.0553,0.0456,0.0469,0.0506,0.05,0.0473,0.764,0.7873,0.0485,0.0457,0.0467,0.0491,0.0495,0.0485,0.6719,0.691,0.0476,0.0453,0.0469,0.0491,0.049,0.0475,0.7555,0.7597,0.0477,0.0451,0.0451,0.0484,0.0503,0.0473,0.5589,0.7136,0.0492,0.0455,0.0453,0.0481,0.0493,0.0467,0.7973,0.7332,0.0479,0.0448,0.0457,0.1629,0.0493,0.0537,0.5591,0.4934,0.0481,0.0442,0.0459,0.1681,0.0486,0.0521,0.618,0.5957,0.05,0.3278,0.0462,0.1697,0.0509,0.0573,0.555,0.5348,0.0499,0.0455,0.0464,0.1383,0.0491,0.0535,0.5929,0.48,0.0488,0.045,0.0459,0.1418,0.0475,0.0525,0.6281,0.4727,0.0488,0.0436,0.0457,0.1616,0.0483,0.0542,0.7117,0.8536,0.0475,0.0452
29,50397.221,5.0,19.8,0.0465,0.049,0.0629,0.0469,0.972,0.732,0.0821,0.0457,0.0469,0.0507,0.0498,0.0473,0.8673,0.7928,0.0486,0.0458,0.0468,0.0492,0.0493,0.0486,0.7588,0.7556,0.0475,0.0455,0.0469,0.0491,0.049,0.0477,0.8415,0.7947,0.0478,0.0452,0.0452,0.0486,0.0503,0.0472,0.6149,0.7991,0.0494,0.0457,0.0453,0.0481,0.0494,0.0466,0.8707,0.7891,0.0479,0.045,0.0458,0.1606,0.0493,0.0543,0.6085,0.557,0.0481,0.0443,0.0459,0.1669,0.0487,0.0525,0.682,0.7601,0.05,0.3206,0.0462,0.1698,0.0509,0.0578,0.6072,0.639,0.05,0.0456,0.0464,0.1385,0.0491,0.0539,0.6603,0.5485,0.0487,0.045,0.046,0.1435,0.0474,0.053,0.6997,0.6313,0.0489,0.0436,0.0457,0.1636,0.0483,0.0548,0.7876,0.9243,0.0476,0.0452
30,52197.166,5.0,19.8,0.0466,0.0492,0.0624,0.047,1.0513,0.764,0.0826,0.0458,0.047,0.0507,0.0501,0.0473,0.9497,0.8972,0.0489,0.0459,0.0468,0.0493,0.0493,0.0487,0.8548,0.8373,0.0475,0.0456,0.0469,0.0493,0.0492,0.0476,0.9234,0.861,0.0478,0.0453,0.0453,0.0487,0.0504,0.0473,0.6877,0.8677,0.0494,0.0458,0.0454,0.0482,0.0495,0.0467,0.9377,0.8332,0.048,0.045,0.0458,0.1617,0.0494,0.0547,0.6742,0.6857,0.0481,0.0443,0.0459,0.1715,0.0488,0.0528,0.754,0.8984,0.0502,0.3339,0.0462,0.1842,0.0512,0.0584,0.6781,0.7749,0.0501,0.0456,0.0464,0.1425,0.0492,0.0543,0.7394,0.7118,0.0488,0.0453,0.046,0.1499,0.0476,0.0532,0.7796,0.8025,0.0489,0.0438,0.0459,0.1652,0.0484,0.0554,0.8855,0.997,0.0476,0.0454
31,53997.084,5.0,19.8,0.0465,0.0492,0.0644,0.0469,1.1265,0.8639,0.0778,0.046,0.0471,0.0507,0.05,0.0474,1.0107,0.9157,0.0487,0.0461,0.0468,0.0493,0.0495,0.0487,0.9329,0.8921,0.0477,0.0458,0.047,0.0494,0.0492,0.0478,0.9858,0.9174,0.0479,0.0454,0.0453,0.0488,0.0505,0.0474,0.759,0.9273,0.0496,0.046,0.0455,0.0482,0.0495,0.0468,0.9933,0.8918,0.048,0.0452,0.0459,0.1616,0.0496,0.0552,0.7368,0.8072,0.0482,0.0447,0.046,0.1846,0.0489,0.0532,0.8166,0.9966,0.0502,0.3502,0.0463,0.19,0.0513,0.0588,0.7492,0.9037,0.0503,0.0459,0.0465,0.1569,0.0494,0.0547,0.8112,0.8271,0.049,0.0454,0.046,0.1487,0.0476,0.0536,0.8529,0.8848,0.0491,0.0439,0.0459,0.1659,0.0485,0.0555,0.9647,1.0297,0.0476,0.0455
32,55797.017,5.0,19.8,0.0465,0.0493,0.0604,0.0469,1.1591,0.9653,0.0564,0.0461,0.047,0.0505,0.05,0.0474,1.0641,0.8982,0.049,0.0463,0.0468,0.0493,0.0495,0.0488,0.9962,0.9594,0.0476,0.0459,0.0469,0.0495,0.0491,0.0477,1.0403,0.9684,0.0478,0.0456,0.0452,0.0488,0.0505,0.0474,0.843,0.9812,0.0495,0.046,0.0454,0.0481,0.0495,0.0467,1.0482,0.935,0.048,0.0453,0.0459,0.1802,0.0496,0.0556,0.8131,0.94,0.0483,0.0446,0.0459,0.1956,0.0489,0.0535,0.8885,1.0598,0.0503,0.4128,0.0463,0.2019,0.0513,0.0593,0.8286,0.9998,0.0501,0.0459,0.0465,0.1613,0.0493,0.0551,0.8887,0.956,0.0489,0.0454,0.0461,0.1557,0.0476,0.054,0.9291,0.9961,0.049,0.0439,0.0459,0.1659,0.0485,0.0558,1.0296,1.0487,0.0476,0.0457
33,57596.941,5.0,19.8,0.0466,0.0493,0.0641,0.047,1.1907,0.9717,0.0861,0.0462,0.0471,0.0506,0.05,0.0475,1.1129,0.9622,0.0494,0.0464,0.0468,0.0494,0.0494,0.0488,1.0539,0.9553,0.0477,0.046,0.047,0.0497,0.0492,0.0478,1.0881,1.0314,0.0479,0.0456,0.0453,0.0488,0.0506,0.0474,0.9228,1.0336,0.0496,0.0461,0.0455,0.0483,0.0494,0.0468,1.0886,1.0008,0.0481,0.0454,0.0459,0.1946,0.0497,0.056,0.8787,1.0469,0.0483,0.0449,0.0459,0.1939,0.049,0.0538,0.948,1.0959,0.0504,0.5247,0.0464,0.2234,0.0514,0.06,0.8963,1.0631,0.0502,0.0462,0.0465,0.1708,0.0494,0.0554,0.9478,1.0457,0.0491,0.0457,0.0461,0.162,0.0478,0.0543,0.9873,1.067,0.0491,0.0441,0.046,0.1643,0.0487,0.0564,1.0857,1.1128,0.0479,0.0459
34,59396.876,5.0,19.8,0.0466,0.0493,0.0652,0.0471,1.2271,0.9552,0.0658,0.0464,0.0471,0.0505,0.05,0.0474,1.157,1.0253,0.049,0.0463,0.0468,0.0494,0.0495,0.0489,1.1059,1.0074,0.0477,0.0461,0.0471,0.0498,0.0492,0.0479,1.1345,1.0605,0.048,0.0456,0.0453,0.0489,0.0507,0.0474,0.9897,1.0618,0.0496,0.0462,0.0455,0.0483,0.0495,0.0468,1.1356,1.0394,0.048,0.0455,0.0459,0.2134,0.0498,0.0565,0.9447,1.0719,0.0484,0.0451,0.046,0.1956,0.049,0.0541,1.0148,1.1255,0.0504,0.6103,0.0463,0.2411,0.0515,0.0604,0.962,1.097,0.0503,0.0465,0.0466,0.1773,0.0496,0.0559,1.001,1.1058,0.0491,0.0458,0.0462,0.155,0.0478,0.0546,1.0336,1.0803,0.0492,0.0442,0.0461,0.1631,0.0487,0.0568,1.1369,1.1141,0.0479,0.046
35,61196.818,5.0,19.8,0.0467,0.0495,0.0624,0.047,1.2949,0.9679,0.0664,0.0462,0.0471,0.0506,0.0503,0.0475,1.1853,1.0735,0.049,0.0464,0.047,0.0495,0.0498,0.0489,1.1494,1.0596,0.0477,0.0462,0.0471,0.05,0.0494,0.0478,1.1809,1.0667,0.048,0.0458,0.0454,0.049,0.0507,0.0475,1.0532,1.0553,0.0497,0.0464,0.0456,0.0484,0.0496,0.0469,1.1937,1.0609,0.0481,0.0455,0.046,0.2034,0.0499,0.0569,0.9984,1.0962,0.0485,0.0453,0.0461,0.1805,0.0491,0.0546,1.0612,1.1463,0.0507,0.6647,0.0463,0.2125,0.0516,0.061,1.0159,1.1154,0.0504,0.0468,0.0466,0.1899,0.0496,0.0562,1.0483,1.1108,0.0491,0.046,0.0462,0.1523,0.0478,0.0553,1.0815,1.1092,0.0494,0.0444,0.0461,0.1606,0.0488,0.0575,1.1817,1.1123,0.0479,0.0464
36,62996.723,5.0,19.8,0.0467,0.0498,0.0605,0.0471,1.3469,0.967,0.0638,0.0465,0.0471,0.0506,0.0502,0.0476,1.2105,1.0596,0.049,0.0467,0.047,0.0498,0.0496,0.0491,1.1848,1.1012,0.0478,0.0462,0.0472,0.0502,0.0493,0.0479,1.2162,1.074,0.0481,0.0459,0.0455,0.0491,0.0507,0.0476,1.1127,1.055,0.0498,0.0465,0.0457,0.0485,0.0496,0.047,1.2545,1.0738,0.0482,0.0455,0.0461,0.1852,0.05,0.0575,1.0463,1.1803,0.0486,0.0455,0.0462,0.1733,0.0493,0.055,1.0999,1.1712,0.0508,0.653,0.0464,0.1827,0.0518,0.0616,1.0704,1.1424,0.0506,0.0471,0.0467,0.1641,0.0497,0.0566,1.0929,1.1271,0.0493,0.0464,0.0463,0.1673,0.048,0.0557,1.122,1.135,0.0493,0.0446,0.0461,0.1589,0.0489,0.0579,1.2261,1.1618,0.048,0.0469
37,64796.658,5.0,19.8,0.0468,0.0497,0.0574,0.0471,1.3851,1.0009,0.0609,0.0466,0.0473,0.0505,0.0502,0.0476,1.2477,1.044,0.0489,0.0467,0.047,0.0498,0.0496,0.049,1.2087,1.1016,0.0478,0.0464,0.0472,0.0502,0.0493,0.048,1.2779,1.0753,0.0481,0.0459,0.0455,0.0491,0.0507,0.0476,1.1575,1.0473,0.0498,0.0467,0.0457,0.0486,0.0497,0.0469,1.3094,1.0658,0.0482,0.0456,0.046,0.1859,0.05,0.0578,1.0963,1.2043,0.0485,0.0458,0.0462,0.1985,0.0493,0.0555,1.1366,1.1994,0.0508,0.6875,0.0464,0.1636,0.0518,0.0621,1.1081,1.1741,0.0505,0.0474,0.0467,0.1432,0.0497,0.057,1.1318,1.1626,0.0494,0.0468,0.0463,0.1762,0.048,0.056,1.1606,1.1764,0.0494,0.0448,0.0461,0.171,0.0489,0.0582,1.2479,1.2206,0.048,0.0473
38,66596.597,5.0,19.8,0.0468,0.0498,0.065,0.0471,1.3614,1.0793,0.0896,0.0467,0.0473,0.0506,0.0502,0.0476,1.3003,1.0423,0.0492,0.0469,0.047,0.0497,0.0498,0.049,1.2672,1.1146,0.0478,0.0463,0.0472,0.0502,0.0494,0.0479,1.3401,1.0789,0.0481,0.046,0.0455,0.0491,0.0508,0.0476,1.2188,1.0794,0.0498,0.0467,0.0457,0.0486,0.0496,0.0469,1.3513,1.1329,0.0482,0.0457,0.0461,0.1669,0.0501,0.0585,1.132,1.2361,0.0488,0.0463,0.0462,0.2258,0.0494,0.0558,1.1798,1.2369,0.0509,0.7645,0.0463,0.1555,0.0518,0.0626,1.1435,1.2016,0.0505,0.0481,0.0467,0.1347,0.0496,0.0574,1.1641,1.2026,0.0494,0.0472,0.0464,0.1993,0.048,0.0564,1.1905,1.2084,0.0495,0.0449,0.0462,0.162,0.049,0.0585,1.2785,1.2662,0.048,0.0477
39,68396.527,5.0,19.8,0.0468,0.0499,0.067,0.0472,1.3888,1.0839,0.064,0.0468,0.0473,0.0507,0.0503,0.0477,1.3793,1.0938,0.0491,0.0469,0.047,0.0499,0.0497,0.0491,1.3305,1.1025,0.0479,0.0466,0.0473,0.0503,0.0495,0.048,1.384,1.0928,0.0482,0.046,0.0456,0.0493,0.0509,0.0476,1.2842,1.1102,0.0498,0.0469,0.0457,0.0487,0.0497,0.0471,1.3844,1.1595,0.0482,0.0458,0.0461,0.1616,0.0501,0.059,1.1621,1.2524,0.0487,0.0468,0.0462,0.2545,0.0494,0.0562,1.2282,1.2504,0.0509,0.9284,0.0465,0.1521,0.0519,0.0634,1.1798,1.2212,0.0507,0.0486,0.0468,0.1319,0.0498,0.058,1.2056,1.2216,0.0494,0.0476,0.0464,0.204,0.0481,0.0568,1.2309,1.2188,0.0495,0.0455,0.0462,0.1571,0.0491,0.059,1.3146,1.2942,0.0482,0.0482
40,70196.464,5.0,19.7,0.0469,0.0501,0.0704,0.0472,1.3743,1.0739,0.0635,0.0468,0.0473,0.0509,0.0505,0.0477,1.4011,1.1083,0.0491,0.0469,0.047,0.0501,0.0497,0.049,1.3831,1.1274,0.0478,0.0466,0.0473,0.0502,0.0495,0.048,1.4027,1.1124,0.0481,0.0461,0.0456,0.0493,0.0509,0.0477,1.3238,1.1321,0.0499,0.047,0.0457,0.0488,0.0497,0.0471,1.4073,1.1715,0.0482,0.0458,0.0462,0.1623,0.0503,0.0594,1.2003,1.267,0.0488,0.0474,0.0463,0.2796,0.0495,0.0566,1.2757,1.2808,0.0509,1.032,0.0465,0.1591,0.0519,0.0638,1.2217,1.2395,0.0506,0.0494,0.0468,0.1388,0.0499,0.0581,1.2514,1.232,0.0495,0.0482,0.0463,0.2202,0.0482,0.0572,1.2754,1.2399,0.0496,0.0458,0.0462,0.1875,0.0491,0.0596,1.3577,1.3089,0.0481,0.0491
41,71996.382,5.0,19.7,0.0469,0.0499,0.0583,0.0473,1.3121,1.0604,0.0691,0.047,0.0473,0.0508,0.0512,0.0477,1.379,1.1014,0.0492,0.047,0.0471,0.05,0.0498,0.0492,1.421,1.1263,0.0479,0.0467,0.0473,0.0503,0.0495,0.048,1.4034,1.1127,0.0483,0.0462,0.0456,0.0494,0.0509,0.0477,1.3568,1.1316,0.0499,0.0468,0.0458,0.0488,0.0497,0.0471,1.403,1.1548,0.0483,0.0459,0.0462,0.1741,0.0503,0.06,1.2409,1.27,0.0489,0.048,0.0463,0.2888,0.0496,0.057,1.3185,1.2744,0.051,1.0944,0.0466,0.2973,0.052,0.0644,1.2757,1.2577,0.0507,0.0502,0.0468,0.1463,0.0499,0.0586,1.3009,1.2598,0.0495,0.0489,0.0465,0.1798,0.0482,0.0577,1.3242,1.2746,0.0494,0.0462,0.0463,0.191,0.0492,0.0602,1.3866,1.2993,0.0482,0.05
42,73796.316,5.0,19.7,0.0469,0.05,0.0599,0.0474,1.3033,1.0542,0.0836,0.0471,0.0474,0.051,0.0505,0.0478,1.3587,1.1002,0.0496,0.0472,0.0472,0.0502,0.0498,0.0492,1.402,1.1361,0.0478,0.0469,0.0475,0.0504,0.0496,0.0481,1.4503,1.1142,0.0482,0.0462,0.0457,0.0495,0.051,0.0478,1.3973,1.1315,0.05,0.0469,0.0459,0.0489,0.0498,0.0471,1.3614,1.1474,0.0483,0.0458,0.0462,0.3059,0.0503,0.0604,1.3039,1.2891,0.0489,0.0489,0.0463,0.1999,0.0497,0.0574,1.3588,1.2608,0.0511,1.1348,0.0465,0.4296,0.0521,0.065,1.3267,1.2569,0.0507,0.0512,0.0467,0.3498,0.0501,0.0591,1.3388,1.269,0.0495,0.0498,0.0464,0.1503,0.0483,0.0582,1.3609,1.2772,0.0495,0.0468,0.0463,0.1679,0.0493,0.0609,1.387,1.2956,0.0482,0.0512
43,75596.25,5.0,19.7,0.047,0.0499,0.06,0.0474,1.3079,1.0546,0.0652,0.0473,0.0474,0.0512,0.0507,0.0479,1.3737,1.105,0.0492,0.0472,0.0473,0.0503,0.0499,0.0492,1.4005,1.1444,0.048,0.0468,0.0475,0.0505,0.0497,0.0481,1.4107,1.1156,0.0482,0.0464,0.0457,0.0496,0.051,0.0477,1.3839,1.1349,0.05,0.047,0.0458,0.049,0.0499,0.0472,1.2974,1.1494,0.0484,0.0461,0.0462,0.3823,0.0504,0.061,1.3406,1.2838,0.049,0.05,0.0464,0.1738,0.0497,0.0579,1.3884,1.2661,0.0511,1.159,0.0466,0.4422,0.0521,0.0657,1.3576,1.2474,0.0509,0.0526,0.0468,0.4477,0.0501,0.0595,1.3691,1.2769,0.0495,0.0508,0.0464,0.1426,0.0483,0.0586,1.3929,1.2831,0.0496,0.0474,0.0464,0.1729,0.0494,0.0612,1.3817,1.2848,0.0483,0.0524
44,77396.195,5.0,19.7,0.047,0.0499,0.0685,0.0474,1.3154,1.0492,0.0835,0.0472,0.0474,0.0513,0.0508,0.0479,1.3396,1.1005,0.0491,0.0473,0.0473,0.0504,0.05,0.0493,1.3362,1.1517,0.0479,0.0468,0.0475,0.0506,0.0497,0.0481,1.3753,1.1193,0.0483,0.0465,0.0458,0.0497,0.0511,0.0477,1.3607,1.1377,0.05,0.0472,0.0459,0.0491,0.05,0.0472,1.2812,1.1485,0.0485,0.0461,0.0463,0.433,0.0505,0.0616,1.3723,1.2834,0.0491,0.0512,0.0464,0.1619,0.0497,0.0583,1.4125,1.2731,0.0511,1.1705,0.0467,0.2214,0.0522,0.0663,1.3847,1.2508,0.0508,0.054,0.0469,0.2754,0.0501,0.06,1.3946,1.2882,0.0496,0.052,0.0465,0.1482,0.0485,0.059,1.4187,1.2855,0.0498,0.0482,0.0464,0.1519,0.0495,0.0619,1.4847,1.2756,0.0484,0.0539
45,79196.117,5.0,19.7,0.047,0.0499,0.0669,0.0475,1.3282,1.051,0.0668,0.0472,0.0475,0.0514,0.0511,0.0479,1.3327,1.1052,0.0491,0.0472,0.0473,0.0505,0.0501,0.0494,1.3399,1.1494,0.048,0.047,0.0476,0.0507,0.0498,0.0482,1.3642,1.1159,0.0482,0.0464,0.0458,0.0498,0.0511,0.0479,1.3684,1.1329,0.05,0.0471,0.0459,0.0492,0.05,0.0472,1.2556,1.1418,0.0485,0.046,0.0463,0.3819,0.0507,0.062,1.4149,1.2762,0.0492,0.0525,0.0464,0.3053,0.0499,0.0586,1.4397,1.2735,0.0511,1.2117,0.0466,0.1705,0.0523,0.0667,1.4264,1.2472,0.0508,0.0559,0.047,0.1762,0.0502,0.0603,1.4223,1.2845,0.0496,0.0532,0.0466,0.14,0.0484,0.0593,1.4408,1.2829,0.0497,0.0491,0.0464,0.2498,0.0494,0.0623,1.4539,1.2647,0.0483,0.0562
46,80996.046,5.0,19.7,0.047,0.0502,0.0625,0.0475,1.3282,1.0459,0.0587,0.0473,0.0475,0.0515,0.051,0.048,1.3257,1.1017,0.0492,0.0475,0.0474,0.0506,0.0503,0.0494,1.3368,1.1546,0.0479,0.047,0.0477,0.0508,0.0499,0.0482,1.3314,1.1147,0.0481,0.0465,0.0458,0.0501,0.0513,0.0479,1.3567,1.136,0.05,0.0473,0.046,0.0494,0.0501,0.0473,1.2576,1.1422,0.0483,0.0463,0.0463,0.2451,0.0507,0.0624,1.4133,1.2728,0.0492,0.0543,0.0464,0.2524,0.0499,0.0589,1.384,1.2746,0.0512,1.2574,0.0467,0.2005,0.0524,0.0671,1.4301,1.2506,0.0509,0.0582,0.0469,0.1439,0.0503,0.0608,1.4113,1.2827,0.0496,0.055,0.0465,0.3266,0.0485,0.0598,1.3761,1.2829,0.0496,0.0501,0.0464,0.2962,0.0496,0.0625,1.4158,1.2438,0.0484,0.0583
47,82795.993,5.0,19.7,0.0469,0.05,0.0718,0.0475,1.3484,1.0439,0.0695,0.0473,0.0475,0.0514,0.0511,0.048,1.322,1.102,0.0491,0.0474,0.0473,0.0506,0.0503,0.0494,1.3137,1.1564,0.0479,0.047,0.0476,0.0508,0.05,0.0483,1.3055,1.1131,0.0483,0.0465,0.0458,0.0499,0.0513,0.0478,1.3573,1.1365,0.05,0.0473,0.0458,0.0495,0.0501,0.0473,1.2622,1.1415,0.0483,0.0461,0.0464,0.3215,0.0507,0.0626,1.4114,1.2772,0.0491,0.0562,0.0465,0.412,0.05,0.0591,1.3777,1.2815,0.0512,1.2859,0.0467,0.377,0.0524,0.0673,1.3908,1.2577,0.0508,0.0611,0.0469,0.3406,0.0502,0.0609,1.4183,1.2845,0.0496,0.0571,0.0465,0.4112,0.0486,0.06,1.4373,1.2846,0.0498,0.0513,0.0464,0.2363,0.0496,0.0629,1.3951,1.2326,0.0484,0.0616
48,84595.911,5.0,19.7,0.0471,0.05,0.0728,0.0476,1.3791,1.0389,0.0632,0.0474,0.0475,0.0514,0.0511,0.048,1.3081,1.097,0.0492,0.0475,0.0473,0.0508,0.0504,0.0494,1.2988,1.1536,0.0481,0.0471,0.0476,0.0508,0.0501,0.0482,1.2933,1.1081,0.0483,0.0466,0.0458,0.0501,0.0513,0.0478,1.343,1.1334,0.0501,0.0474,0.046,0.0495,0.0503,0.0472,1.2905,1.1387,0.0483,0.0462,0.0465,0.5292,0.0509,0.063,1.417,1.2829,0.0494,0.0593,0.0465,0.4485,0.0501,0.0596,1.477,1.2896,0.0512,1.3169,0.0468,0.4254,0.0525,0.0677,1.4561,1.2664,0.0509,0.0653,0.047,0.366,0.0504,0.0612,1.3738,1.2895,0.0497,0.06,0.0465,0.2058,0.0487,0.0602,1.4128,1.2894,0.0499,0.0527,0.0464,0.1923,0.0498,0.0629,1.3766,1.2105,0.0485,0.0642
49,86395.836,5.0,19.7,0.0471,0.0501,0.0572,0.0475,1.3566,1.0401,0.0569,0.0475,0.0476,0.0514,0.0511,0.048,1.3001,1.0929,0.0492,0.0476,0.0474,0.0507,0.0505,0.0495,1.2866,1.1487,0.048,0.0472,0.0478,0.051,0.0501,0.0483,1.3013,1.1026,0.0483,0.0466,0.0458,0.0504,0.0514,0.048,1.3425,1.1303,0.05,0.0475,0.0459,0.0496,0.0503,0.0473,1.3539,1.1355,0.0485,0.0464,0.0465,0.4991,0.051,0.0632,1.3786,1.2818,0.0496,0.0626,0.0465,0.4405,0.0501,0.0597,1.4281,1.2874,0.0513,1.3404,0.0468,0.4566,0.0525,0.0679,1.422,1.2631,0.0509,0.0694,0.047,0.3645,0.0504,0.0616,1.371,1.2892,0.0496,0.0635,0.0466,0.3536,0.0487,0.0605,1.3929,1.2859,0.05,0.0543,0.0464,0.3131,0.0497,0.0632,1.3314,1.1848,0.0485,0.0683
50,88195.761,5.0,19.7,0.0471,0.0501,0.0625,0.0476,1.3416,1.0488,0.0562,0.0475,0.0475,0.0514,0.0511,0.048,1.3136,1.0977,0.049,0.0476,0.0474,0.0508,0.0504,0.0494,1.3018,1.1529,0.0479,0.0471,0.0477,0.051,0.0501,0.0482,1.3584,1.1026,0.0482,0.0465,0.0459,0.0504,0.0516,0.0479,1.3531,1.129,0.0501,0.0475,0.046,0.0498,0.0505,0.0474,1.4092,1.1363,0.0485,0.0463,0.0465,0.5416,0.051,0.0635,1.3588,1.2871,0.0496,0.0674,0.0466,0.4893,0.0502,0.0598,1.4072,1.2939,0.0512,1.3712,0.0468,0.7233,0.0526,0.0683,1.3827,1.2671,0.0509,0.0743,0.0471,0.4581,0.0505,0.0619,1.3538,1.2964,0.0498,0.0679,0.0467,0.4294,0.0488,0.0606,1.3688,1.2937,0.0499,0.0561,0.0465,0.2941,0.0497,0.0635,1.366,1.169,0.0486,0.0732
51,89995.69,5.0,19.7,0.0472,0.0501,0.0677,0.0475,1.3453,1.082,0.0662,0.0476,0.0476,0.0515,0.0512,0.048,1.3491,1.1118,0.0493,0.0477,0.0475,0.0508,0.0506,0.0495,1.3481,1.1666,0.048,0.0473,0.0478,0.0512,0.0502,0.0483,1.4042,1.111,0.0483,0.0466,0.0459,0.0506,0.0516,0.048,1.391,1.1338,0.0501,0.0476,0.0461,0.0498,0.0504,0.0475,1.4173,1.1457,0.0484,0.0464,0.0466,0.5675,0.0512,0.064,1.3721,1.2933,0.0498,0.0727,0.0466,0.5195,0.0503,0.0601,1.3916,1.3047,0.0514,1.4057,0.0469,0.7878,0.0528,0.0686,1.3584,1.2744,0.0511,0.0796,0.0471,0.6418,0.0506,0.0621,1.3708,1.299,0.0497,0.073,0.0467,0.359,0.0489,0.061,1.382,1.2933,0.0499,0.0589,0.0465,0.1784,0.0499,0.0636,1.4127,1.1523,0.0485,0.0782
52,91795.625,5.0,19.7,0.0471,0.05,0.0593,0.0476,1.3395,1.1145,0.0603,0.0477,0.0477,0.0514,0.0512,0.0482,1.3749,1.1195,0.0492,0.0477,0.0474,0.0509,0.0505,0.0495,1.3946,1.1757,0.0481,0.0473,0.0478,0.0512,0.0502,0.0484,1.4058,1.1141,0.0483,0.0467,0.0459,0.0506,0.0517,0.048,1.4288,1.1399,0.0502,0.0476,0.046,0.0498,0.0506,0.0475,1.3977,1.1534,0.0486,0.0465,0.0466,0.7777,0.0512,0.064,1.372,1.302,0.0499,0.0768,0.0466,0.5317,0.0505,0.0603,1.4023,1.3133,0.0513,1.4092,0.0469,0.8114,0.0527,0.0689,1.3676,1.2869,0.051,0.0845,0.0471,0.7223,0.0505,0.0623,1.3799,1.3059,0.0498,0.0849,0.0466,0.3673,0.0489,0.061,1.3887,1.2977,0.0499,0.0619,0.0465,0.181,0.0499,0.0641,1.4509,1.1453,0.0485,0.0826
53,93595.556,5.0,19.7,0.0472,0.0504,0.0605,0.0477,1.3568,1.168,0.0603,0.0478,0.0478,0.0517,0.0511,0.0483,1.3673,1.1359,0.0494,0.0479,0.0475,0.051,0.0505,0.0497,1.406,1.188,0.0482,0.0475,0.0479,0.0514,0.0503,0.0484,1.3801,1.1223,0.0485,0.0468,0.046,0.0508,0.0518,0.0481,1.4359,1.1458,0.0502,0.0478,0.0462,0.0499,0.0506,0.0476,1.3908,1.1667,0.0486,0.0467,0.0466,0.8216,0.0514,0.0644,1.3828,1.3121,0.0502,0.0842,0.0467,0.2618,0.0506,0.0605,1.4002,1.325,0.0515,1.352,0.0469,0.3704,0.0529,0.0692,1.3725,1.3004,0.0512,0.0916,0.0471,0.2823,0.0508,0.0625,1.3617,1.3218,0.0497,0.0901,0.0467,0.4874,0.0491,0.0614,1.3857,1.3088,0.05,0.0664,0.0466,0.1845,0.05,0.0646,1.4742,1.1534,0.0486,0.0877
54,95395.484,5.0,19.7,0.0472,0.0502,0.0691,0.0478,1.342,1.2038,0.0649,0.0478,0.0477,0.0515,0.0512,0.0482,1.3496,1.1504,0.0495,0.0479,0.0477,0.051,0.0505,0.0497,1.3916,1.1926,0.0481,0.0474,0.0479,0.0514,0.0504,0.0484,1.3619,1.1281,0.0485,0.0469,0.0461,0.0507,0.0518,0.0481,1.4131,1.1544,0.0503,0.0478,0.0462,0.0499,0.0506,0.0475,1.3915,1.1729,0.0485,0.0466,0.0467,0.6134,0.0514,0.0645,1.3687,1.3183,0.0503,0.0876,0.0467,0.2362,0.0507,0.0608,1.421,1.3296,0.0513,1.3221,0.047,0.2743,0.0531,0.0693,1.3649,1.3108,0.0511,0.0967,0.0471,0.2957,0.0509,0.0627,1.3614,1.3249,0.0499,0.0942,0.0467,0.6035,0.0491,0.0614,1.4368,1.3092,0.05,0.068,0.0467,0.1882,0.05,0.0647,1.475,1.1559,0.0487,0.0907
55,97195.421,5.0,19.7,0.0472,0.0503,0.0629,0.0477,1.3418,1.26,0.0669,0.0478,0.0478,0.0516,0.0514,0.0482,1.3152,1.165,0.0493,0.0479,0.0476,0.0509,0.0505,0.0497,1.3729,1.1991,0.0481,0.0475,0.048,0.0515,0.0503,0.0485,1.348,1.1347,0.0484,0.0468,0.046,0.0508,0.0519,0.0481,1.3854,1.16,0.0503,0.0478,0.0462,0.05,0.0507,0.0476,1.3972,1.1799,0.0484,0.0466,0.0467,0.3273,0.0515,0.0648,1.3662,1.3227,0.0505,0.0931,0.0468,0.2142,0.0507,0.0609,1.4812,1.3325,0.0513,1.3031,0.047,0.2788,0.053,0.0698,1.3643,1.3098,0.051,0.104,0.0472,0.2595,0.0508,0.0628,1.3894,1.3224,0.0499,0.101,0.0467,0.4169,0.0492,0.0617,1.4847,1.3126,0.05,0.0722,0.0467,0.1857,0.05,0.0646,1.4572,1.1455,0.0486,0.0971
56,98995.341,5.0,19.7,0.0473,0.0504,0.0598,0.0478,1.3382,1.2875,0.0901,0.048,0.0478,0.0517,0.0512,0.0483,1.3104,1.1763,0.0497,0.048,0.0476,0.051,0.0505,0.0498,1.3512,1.2088,0.0481,0.0475,0.0479,0.0515,0.0503,0.0485,1.3361,1.1435,0.0484,0.0469,0.0461,0.0508,0.052,0.0481,1.3693,1.1723,0.0504,0.0479,0.0462,0.0501,0.0508,0.0476,1.4061,1.1935,0.0486,0.0467,0.0467,0.2804,0.0517,0.065,1.369,1.3274,0.0509,0.0975,0.0468,0.3095,0.0508,0.0611,1.538,1.3433,0.0514,1.3258,0.047,0.4116,0.0532,0.0701,1.4036,1.319,0.0511,0.1117,0.0472,0.298,0.0509,0.0631,1.4556,1.3263,0.0499,0.1085,0.0468,0.3041,0.0491,0.0619,1.5321,1.3116,0.05,0.0754,0.0467,0.195,0.0502,0.0646,1.4848,1.1318,0.0487,0.1065
57,100795.272,5.0,19.7,0.0473,0.0504,0.0601,0.0478,1.3575,1.3973,0.0843,0.0479,0.0479,0.0517,0.0514,0.0483,1.3009,1.1967,0.0493,0.048,0.0476,0.051,0.0507,0.0498,1.3421,1.217,0.0481,0.0476,0.048,0.0515,0.0503,0.0485,1.3147,1.151,0.0484,0.047,0.0461,0.0508,0.052,0.0482,1.3609,1.1832,0.0503,0.048,0.0462,0.0501,0.0508,0.0477,1.4243,1.2108,0.0485,0.0468,0.0468,0.303,0.0518,0.0652,1.3866,1.3408,0.0511,0.1059,0.0469,0.4366,0.0509,0.0613,1.5671,1.3599,0.0514,1.3351,0.047,0.5302,0.0532,0.0702,1.4597,1.3325,0.051,0.1211,0.0472,0.368,0.0509,0.0632,1.5125,1.3334,0.0498,0.1142,0.0468,0.3592,0.0492,0.0619,1.5593,1.316,0.05,0.0815,0.0467,0.1979,0.0501,0.0652,1.5,1.1387,0.0487,0.1177
58,102595.208,5.0,19.7,0.0473,0.0504,0.0573,0.0479,1.3845,1.4563,0.0628,0.0481,0.0479,0.0518,0.0514,0.0484,1.314,1.2736,0.0493,0.0481,0.0476,0.0511,0.0507,0.0498,1.3404,1.2336,0.0481,0.0476,0.048,0.0516,0.0503,0.0485,1.3261,1.1741,0.0485,0.047,0.0462,0.0509,0.0521,0.0481,1.348,1.2022,0.0503,0.0481,0.0463,0.0501,0.0508,0.0477,1.4437,1.2398,0.0486,0.0468,0.0468,0.3274,0.0519,0.0655,1.4174,1.3581,0.0515,0.1171,0.0469,0.4965,0.051,0.0614,1.5893,1.3763,0.0514,1.3558,0.047,0.5564,0.0534,0.0705,1.4988,1.3572,0.0512,0.1265,0.0472,0.4999,0.051,0.0634,1.5418,1.3543,0.0499,0.1209,0.0469,0.5488,0.0494,0.0622,1.5672,1.3359,0.05,0.0859,0.0467,0.2052,0.0502,0.0655,1.5257,1.1938,0.0487,0.1223
59,104395.136,5.0,19.7,0.0474,0.0506,0.0687,0.0479,1.4085,1.4637,0.0562,0.0481,0.048,0.0519,0.0513,0.0484,1.3519,1.3135,0.0493,0.0481,0.0477,0.0513,0.0506,0.0499,1.3635,1.2612,0.0482,0.0478,0.0481,0.0517,0.0504,0.0486,1.3458,1.2112,0.0484,0.0471,0.0462,0.0509,0.0522,0.0482,1.3302,1.2295,0.0504,0.0482,0.0463,0.0502,0.0508,0.0477,1.4506,1.3015,0.0486,0.0468,0.0468,0.4408,0.0521,0.0656,1.445,1.3628,0.0519,0.1215,0.0469,0.5177,0.051,0.0617,1.5981,1.3947,0.0516,1.3709,0.0471,0.5411,0.0534,0.0707,1.5236,1.3896,0.0513,0.1267,0.0473,0.526,0.0511,0.0636,1.5579,1.3631,0.05,0.1271,0.047,0.4923,0.0495,0.0624,1.5834,1.3472,0.0501,0.0898,0.0467,0.2153,0.0502,0.0656,1.5512,1.2512,0.0487,0.1248
60,106195.069,5.0,19.7,0.0474,0.0505,0.0734,0.048,1.4286,1.4568,0.0864,0.0482,0.0479,0.0519,0.0515,0.0484,1.395,1.3161,0.0494,0.0481,0.0478,0.0513,0.0505,0.05,1.3933,1.2728,0.0482,0.0477,0.0481,0.0518,0.0504,0.0486,1.3749,1.2281,0.0485,0.047,0.0462,0.0509,0.0521,0.0483,1.3198,1.263,0.0505,0.0482,0.0463,0.0502,0.0509,0.0478,1.4613,1.3376,0.0487,0.0468,0.0469,0.4951,0.0521,0.0659,1.4689,1.3859,0.0523,0.1228,0.0469,0.473,0.0512,0.0619,1.5953,1.4145,0.0516,1.3883,0.0471,0.54,0.0535,0.0711,1.5453,1.435,0.0512,0.1326,0.0474,0.4368,0.0512,0.0638,1.5677,1.3775,0.0499,0.1286,0.0469,0.4084,0.0495,0.0626,1.5848,1.3585,0.0502,0.094,0.0468,0.2212,0.0503,0.0657,1.535,1.3303,0.0488,0.1294
61,107994.998,5.0,19.7,0.0474,0.0507,0.0694,0.048,1.4271,1.4455,0.0771,0.0482,0.048,0.0519,0.0514,0.0486,1.4154,1.3156,0.0494,0.0482,0.0477,0.0513,0.0505,0.0501,1.4062,1.2688,0.0483,0.0478,0.0481,0.0518,0.0504,0.0487,1.3868,1.2324,0.0485,0.0472,0.0463,0.0511,0.0522,0.0483,1.3084,1.2807,0.0505,0.0483,0.0463,0.0503,0.0509,0.0477,1.4601,1.3437,0.0486,0.0469,0.0469,0.4323,0.0523,0.066,1.48,1.3987,0.0531,0.1272,0.0469,0.4957,0.0513,0.062,1.5879,1.4217,0.0516,1.3999,0.047,0.5387,0.0536,0.0712,1.5474,1.455,0.0512,0.1402,0.0473,0.4509,0.0513,0.0639,1.582,1.4041,0.05,0.133,0.047,0.3624,0.0496,0.0627,1.5879,1.3891,0.0501,0.0954,0.0468,0.2202,0.0503,0.0659,1.4838,1.4026,0.0488,0.1353
62,109794.935,5.0,19.7,0.0475,0.0506,0.0667,0.0481,1.4151,1.4258,0.075,0.0481,0.0481,0.052,0.0515,0.0484,1.4188,1.296,0.0496,0.0483,0.0478,0.0513,0.0508,0.0501,1.407,1.2479,0.0482,0.0478,0.0483,0.0519,0.0505,0.0487,1.3973,1.2186,0.0485,0.0471,0.0464,0.0511,0.0522,0.0483,1.2989,1.2735,0.0504,0.0482,0.0464,0.0504,0.051,0.0479,1.4479,1.3223,0.0487,0.0471,0.0469,0.4687,0.0524,0.0663,1.4401,1.392,0.0541,0.1362,0.047,0.4736,0.0513,0.0622,1.5651,1.4119,0.0516,1.4102,0.0471,0.4901,0.0537,0.0715,1.5262,1.4473,0.0512,0.1505,0.0474,0.4377,0.0514,0.0643,1.5566,1.4011,0.0501,0.1406,0.0469,0.3494,0.0496,0.0629,1.5706,1.394,0.0502,0.0989,0.0469,0.2195,0.0505,0.0663,1.3767,1.4349,0.0489,0.1432
63,111594.853,5.0,19.7,0.0475,0.0508,0.074,0.0481,1.4014,1.4276,0.0635,0.0482,0.0481,0.052,0.0514,0.0486,1.42,1.2778,0.0495,0.0483,0.0478,0.0513,0.0507,0.0502,1.4011,1.2259,0.0482,0.048,0.0482,0.052,0.0505,0.0488,1.3999,1.2031,0.0485,0.0473,0.0464,0.0512,0.0523,0.0483,1.2912,1.2579,0.0505,0.0484,0.0464,0.0504,0.051,0.0479,1.4382,1.3033,0.0486,0.047,0.047,0.4537,0.0524,0.0664,1.4146,1.3839,0.0547,0.1423,0.0471,0.4139,0.0514,0.0622,1.5445,1.4013,0.0517,1.4167,0.0472,0.4383,0.0538,0.0716,1.5132,1.4356,0.0513,0.1602,0.0474,0.3862,0.0514,0.0644,1.5337,1.394,0.0501,0.1482,0.047,0.2988,0.0497,0.063,1.5635,1.393,0.0503,0.1053,0.0468,0.2158,0.0504,0.0664,1.3237,1.4973,0.0489,0.1525
64,113394.791,5.0,19.7,0.0475,0.0509,0.0771,0.0481,1.4354,1.4488,0.0908,0.0483,0.0481,0.0521,0.0514,0.0485,1.4283,1.2834,0.0492,0.0482,0.0478,0.0514,0.0507,0.0502,1.4032,1.214,0.0482,0.0479,0.0482,0.052,0.0505,0.0488,1.4107,1.187,0.0485,0.0472,0.0464,0.0513,0.0523,0.0484,1.2878,1.2478,0.0505,0.0484,0.0465,0.0505,0.051,0.0479,1.4347,1.2916,0.0487,0.0471,0.047,0.37,0.0526,0.0668,1.3744,1.3749,0.0556,0.1525,0.0471,0.3619,0.0513,0.0624,1.5236,1.3928,0.0516,1.4423,0.0472,0.3842,0.0538,0.0719,1.5114,1.429,0.0513,0.1693,0.0473,0.3189,0.0514,0.0645,1.518,1.3874,0.05,0.1579,0.0469,0.2803,0.0497,0.0633,1.5531,1.3865,0.0502,0.1102,0.0467,0.2193,0.0505,0.0664,1.3093,1.5192,0.0488,0.1592
65,115194.717,5.0,19.7,0.0475,0.0508,0.0684,0.0482,1.4627,1.4731,0.0626,0.0483,0.0481,0.0521,0.0514,0.0486,1.4327,1.2902,0.0495,0.0483,0.0478,0.0515,0.0507,0.0502,1.3998,1.2008,0.0483,0.048,0.0484,0.0521,0.0506,0.0489,1.4208,1.1731,0.0486,0.0473,0.0464,0.0513,0.0523,0.0484,1.2954,1.2418,0.0506,0.0485,0.0465,0.0505,0.0509,0.048,1.428,1.2741,0.0487,0.0472,0.0471,0.2901,0.0525,0.0669,1.355,1.364,0.0576,0.1589,0.0471,0.3075,0.0514,0.0627,1.503,1.3779,0.0516,1.4194,0.0472,0.3473,0.0539,0.0721,1.5036,1.4174,0.0513,0.174,0.0474,0.2677,0.0515,0.0646,1.5012,1.3755,0.0501,0.1643,0.047,0.2733,0.0499,0.0634,1.5472,1.3752,0.0502,0.1117,0.0468,0.2249,0.0505,0.0666,1.31,1.5452,0.0489,0.1626
66,116994.654,5.0,19.7,0.0476,0.0508,0.0728,0.0482,1.5006,1.5074,0.0634,0.0484,0.0482,0.0521,0.0515,0.0487,1.445,1.3279,0.0496,0.0483,0.0478,0.0516,0.0508,0.0502,1.3991,1.2048,0.0483,0.048,0.0483,0.0521,0.0506,0.0488,1.4373,1.1763,0.0486,0.0473,0.0465,0.0513,0.0523,0.0485,1.3198,1.2443,0.0506,0.0485,0.0466,0.0505,0.051,0.048,1.4257,1.2704,0.0488,0.0471,0.0471,0.2659,0.0526,0.067,1.34,1.3587,0.059,0.1645,0.0471,0.2599,0.0515,0.0628,1.4896,1.3695,0.0516,1.4097,0.0472,0.3188,0.0539,0.0725,1.4968,1.4129,0.0513,0.1827,0.0474,0.2594,0.0515,0.0649,1.4934,1.3705,0.05,0.1702,0.047,0.2718,0.0499,0.0635,1.5399,1.3647,0.0502,0.1147,0.0468,0.2362,0.0505,0.0669,1.3511,1.5627,0.049,0.1691
67,118794.583,5.0,19.7,0.0477,0.051,0.071,0.0482,1.5212,1.521,0.0823,0.0485,0.0483,0.0522,0.0516,0.0486,1.4477,1.3479,0.0497,0.0484,0.0479,0.0516,0.051,0.0503,1.3955,1.2081,0.0483,0.048,0.0484,0.0522,0.0506,0.0489,1.4493,1.184,0.0487,0.0474,0.0465,0.0514,0.0523,0.0486,1.3486,1.2452,0.0506,0.0485,0.0466,0.0506,0.051,0.048,1.4204,1.268,0.0488,0.0471,0.0471,0.2779,0.0526,0.0673,1.3235,1.3494,0.0609,0.1723,0.0472,0.267,0.0515,0.0631,1.4753,1.3623,0.0517,1.3856,0.0473,0.2949,0.0539,0.0728,1.4849,1.4025,0.0514,0.1907,0.0476,0.2662,0.0516,0.065,1.4852,1.358,0.0501,0.1778,0.0471,0.2572,0.0499,0.0638,1.5268,1.351,0.0504,0.1197,0.0467,0.2424,0.0506,0.0667,1.341,1.5681,0.0489,0.1775
68,120594.504,5.0,19.7,0.0476,0.0511,0.0764,0.0483,1.5078,1.5237,0.0695,0.0485,0.0482,0.0522,0.0516,0.0487,1.4346,1.3216,0.0496,0.0485,0.048,0.0516,0.0508,0.0504,1.3859,1.1966,0.0483,0.048,0.0484,0.0522,0.0507,0.0489,1.4464,1.1748,0.0487,0.0474,0.0466,0.0514,0.0524,0.0486,1.3686,1.2329,0.0506,0.0486,0.0466,0.0507,0.0512,0.0482,1.4134,1.2522,0.0487,0.0473,0.0471,0.2832,0.0526,0.0675,1.3124,1.3315,0.0636,0.1821,0.0472,0.2761,0.0516,0.0632,1.4601,1.3431,0.0517,1.362,0.0473,0.3011,0.054,0.0729,1.4731,1.3851,0.0513,0.2,0.0475,0.2706,0.0516,0.0651,1.4777,1.3405,0.0502,0.1859,0.0471,0.2681,0.0499,0.0638,1.5122,1.3271,0.0504,0.1236,0.0468,0.2601,0.0507,0.0668,1.3884,1.575,0.0489,0.185
69,122394.443,5.0,19.7,0.0477,0.0511,0.084,0.0483,1.4599,1.5064,0.0602,0.0486,0.0482,0.0522,0.0516,0.0488,1.3997,1.2705,0.0496,0.0485,0.0479,0.0518,0.0508,0.0504,1.371,1.1777,0.0483,0.0481,0.0484,0.0523,0.0507,0.0489,1.4341,1.1624,0.0485,0.0474,0.0465,0.0515,0.0524,0.0486,1.3683,1.2147,0.0505,0.0486,0.0467,0.0506,0.0512,0.0482,1.3964,1.2325,0.0487,0.0473,0.0472,0.2928,0.0526,0.0676,1.3031,1.3137,0.0668,0.1915,0.0472,0.2933,0.0517,0.0633,1.4437,1.3226,0.0518,1.3274,0.0474,0.3173,0.054,0.0731,1.4525,1.355,0.0514,0.2117,0.0476,0.2873,0.0516,0.0652,1.464,1.3178,0.0502,0.1948,0.0471,0.2856,0.05,0.0642,1.4925,1.3034,0.0503,0.1294,0.0468,0.2743,0.0507,0.0673,1.4091,1.5735,0.0491,0.1913
70,124194.38,5.0,19.7,0.0477,0.0511,0.059,0.0484,1.355,1.424,0.0617,0.0486,0.0483,0.0523,0.0516,0.0488,1.3467,1.2075,0.0497,0.0485,0.048,0.0518,0.0509,0.0505,1.3545,1.1453,0.0483,0.0482,0.0485,0.0524,0.0507,0.0491,1.4142,1.1303,0.0487,0.0475,0.0465,0.0515,0.0524,0.0488,1.3464,1.1938,0.0506,0.0486,0.0467,0.0507,0.0511,0.0483,1.3788,1.1976,0.0488,0.0472,0.0472,0.307,0.0527,0.0678,1.2926,1.2948,0.0703,0.203,0.0473,0.3114,0.0516,0.0634,1.4328,1.3026,0.0518,1.3304,0.0474,0.3305,0.0541,0.0732,1.4331,1.3292,0.0514,0.227,0.0475,0.3028,0.0517,0.0656,1.4539,1.2951,0.0501,0.208,0.0472,0.2952,0.05,0.0642,1.4682,1.2775,0.0503,0.1367,0.0467,0.2858,0.0507,0.0674,1.3968,1.5067,0.0492,0.2013
71,125994.302,5.0,19.7,0.0478,0.0512,0.0705,0.0485,1.3386,1.4586,0.0613,0.0484,0.0484,0.0524,0.0516,0.0489,1.3125,1.1595,0.0498,0.0485,0.048,0.0517,0.0509,0.0505,1.3433,1.1211,0.0483,0.0481,0.0484,0.0525,0.0508,0.0491,1.4026,1.087,0.0486,0.0473,0.0466,0.0517,0.0525,0.0487,1.331,1.1685,0.0507,0.0486,0.0467,0.0508,0.0511,0.0483,1.3701,1.1639,0.0489,0.0473,0.0473,0.3231,0.0526,0.0679,1.2857,1.2764,0.0737,0.2181,0.0472,0.3263,0.0517,0.0636,1.4184,1.2819,0.0518,1.2864,0.0474,0.3486,0.0541,0.0737,1.408,1.3011,0.0514,0.2452,0.0476,0.3184,0.0517,0.0657,1.4382,1.2757,0.0501,0.225,0.0473,0.3094,0.0501,0.0644,1.4408,1.254,0.0503,0.1451,0.0467,0.2956,0.0507,0.0675,1.4274,1.5801,0.049,0.2125
72,127794.227,5.0,19.7,0.0478,0.0512,0.059,0.0486,1.4461,1.5522,0.0929,0.0487,0.0483,0.0524,0.052,0.0491,1.343,1.2184,0.0499,0.0486,0.0481,0.0519,0.051,0.0507,1.3496,1.1731,0.0483,0.0484,0.0485,0.0525,0.0509,0.0492,1.4123,1.1269,0.0487,0.0475,0.0467,0.0517,0.0525,0.0488,1.3475,1.1862,0.0506,0.0487,0.0467,0.0507,0.0512,0.0483,1.3767,1.1626,0.0489,0.0473,0.0472,0.3425,0.0528,0.0682,1.2991,1.2734,0.0773,0.2372,0.0473,0.345,0.0517,0.0638,1.4091,1.2739,0.0519,1.2676,0.0475,0.3699,0.0542,0.0739,1.3949,1.2863,0.0515,0.2664,0.0476,0.3356,0.0518,0.0658,1.4282,1.2695,0.0501,0.2325,0.0473,0.3289,0.0502,0.0646,1.4171,1.2424,0.0504,0.1536,0.0468,0.313,0.0507,0.0681,1.4951,1.6151,0.0492,0.2247
73,129594.163,5.0,19.7,0.0477,0.0512,0.0678,0.0485,1.4842,1.5499,0.0613,0.0487,0.0483,0.0523,0.0516,0.0489,1.346,1.2413,0.0498,0.0487,0.0481,0.0517,0.051,0.0506,1.3546,1.2079,0.0484,0.0483,0.0485,0.0525,0.0509,0.0492,1.4221,1.1674,0.0486,0.0477,0.0467,0.0517,0.0525,0.0488,1.3605,1.1929,0.0507,0.0486,0.0467,0.0508,0.0512,0.0484,1.3809,1.1663,0.0488,0.0474,0.0473,0.3567,0.0528,0.0684,1.3254,1.2634,0.0811,0.2555,0.0474,0.3645,0.0518,0.0637,1.3977,1.2616,0.0517,1.2969,0.0474,0.3866,0.0542,0.074,1.379,1.2738,0.0516,0.2864,0.0477,0.3489,0.0518,0.0661,1.4166,1.2579,0.0501,0.2499,0.0473,0.3442,0.0502,0.0648,1.3881,1.236,0.0504,0.1631,0.0468,0.3273,0.0507,0.0683,1.5102,1.6253,0.0491,0.2384
74,131394.094,5.0,19.7,0.0478,0.0513,0.0666,0.0486,1.5529,1.5656,0.0907,0.0487,0.0484,0.0525,0.0516,0.0491,1.3689,1.3498,0.0499,0.0486,0.0481,0.0519,0.051,0.0507,1.3601,1.2838,0.0483,0.0483,0.0486,0.0525,0.0509,0.0492,1.4272,1.2147,0.0486,0.0476,0.0467,0.0518,0.0527,0.0489,1.3715,1.2034,0.0507,0.0488,0.0468,0.0509,0.0512,0.0484,1.3889,1.1795,0.0488,0.0474,0.0474,0.3694,0.0528,0.0685,1.3492,1.2554,0.0873,0.2781,0.0474,0.3818,0.0518,0.0638,1.39,1.2452,0.0517,1.3372,0.0475,0.4072,0.0543,0.0741,1.3675,1.2616,0.0514,0.3117,0.0477,0.3674,0.0518,0.0659,1.4092,1.2514,0.0502,0.2702,0.0473,0.3628,0.0502,0.0649,1.3579,1.2437,0.0504,0.1765,0.0469,0.3422,0.0508,0.0681,1.5662,1.6237,0.049,0.2543
75,133194.036,5.0,19.7,0.0478,0.0514,0.0734,0.0487,1.5859,1.574,0.0851,0.0486,0.0484,0.0525,0.0517,0.0491,1.4111,1.411,0.0498,0.0487,0.0481,0.0521,0.051,0.0508,1.3748,1.3306,0.0484,0.0484,0.0487,0.0526,0.0509,0.0493,1.4402,1.2829,0.0488,0.0477,0.0467,0.0518,0.0525,0.049,1.3927,1.2414,0.0507,0.049,0.0468,0.0509,0.0513,0.0485,1.4034,1.2552,0.0489,0.0474,0.0474,0.3899,0.0528,0.0686,1.3809,1.2481,0.0919,0.3013,0.0474,0.4046,0.0519,0.0641,1.3803,1.24,0.052,1.4099,0.0475,0.4272,0.0543,0.0745,1.3534,1.2611,0.0517,0.3382,0.0478,0.3865,0.0519,0.0662,1.3931,1.2426,0.0503,0.2904,0.0473,0.3828,0.0503,0.0649,1.3242,1.2564,0.0505,0.19,0.047,0.357,0.0509,0.0682,1.5681,1.6421,0.0491,0.2745
76,134993.959,5.0,19.7,0.0478,0.0513,0.071,0.0487,1.5903,1.5804,0.0803,0.0488,0.0484,0.0525,0.0517,0.0492,1.4362,1.4238,0.0502,0.0487,0.0481,0.052,0.051,0.0508,1.3912,1.3409,0.0484,0.0485,0.0487,0.0526,0.0508,0.0493,1.44,1.2951,0.0488,0.0477,0.0468,0.0519,0.0526,0.0489,1.3981,1.2575,0.0508,0.0488,0.0468,0.051,0.0512,0.0486,1.4158,1.3105,0.049,0.0474,0.0474,0.4117,0.0529,0.0687,1.3984,1.2381,0.0942,0.3275,0.0475,0.4276,0.0519,0.0641,1.3708,1.2245,0.0518,1.4639,0.0475,0.4501,0.0543,0.0746,1.3377,1.2522,0.0515,0.3685,0.0478,0.4092,0.0519,0.0663,1.3804,1.2295,0.0502,0.3131,0.0473,0.4025,0.0503,0.065,1.2939,1.2731,0.0504,0.2036,0.047,0.3769,0.0508,0.0684,1.5782,1.6488,0.0491,0.2918
77,136793.878,5.0,19.7,0.0478,0.0514,0.0686,0.0488,1.5947,1.5855,0.0573,0.0487,0.0484,0.0525,0.0517,0.0492,1.4553,1.4422,0.05,0.0487,0.0482,0.0521,0.0511,0.051,1.398,1.3627,0.0484,0.0485,0.0486,0.0527,0.0508,0.0494,1.4333,1.3428,0.0487,0.0476,0.0469,0.0519,0.0526,0.049,1.3963,1.2451,0.0508,0.0488,0.0468,0.051,0.0513,0.0485,1.4204,1.3451,0.049,0.0474,0.0474,0.4322,0.0528,0.069,1.4058,1.2286,0.0955,0.3598,0.0474,0.4538,0.0519,0.0643,1.3611,1.2116,0.0519,1.4465,0.0474,0.4732,0.0543,0.0747,1.3212,1.2423,0.0516,0.4006,0.0478,0.4315,0.0519,0.0664,1.3638,1.217,0.0501,0.3397,0.0473,0.424,0.0504,0.0651,1.268,1.259,0.0504,0.2192,0.047,0.4004,0.0508,0.0685,1.5901,1.6608,0.0491,0.3158
78,138593.824,5.0,19.7,0.0479,0.0515,0.0808,0.0488,1.5986,1.585,0.0714,0.0489,0.0485,0.0525,0.0518,0.0493,1.4744,1.4613,0.0499,0.0488,0.0482,0.0521,0.051,0.051,1.3936,1.364,0.0485,0.0485,0.0486,0.0527,0.0509,0.0495,1.429,1.3245,0.0489,0.0477,0.0468,0.0519,0.0526,0.0491,1.3935,1.2243,0.0509,0.0491,0.0468,0.0511,0.0513,0.0486,1.4269,1.3743,0.0491,0.0475,0.0475,0.4544,0.0528,0.069,1.4134,1.2153,0.1008,0.3899,0.0475,0.4801,0.052,0.0644,1.3539,1.1972,0.052,1.4466,0.0475,0.4959,0.0544,0.0749,1.3062,1.2247,0.0516,0.4345,0.0477,0.4597,0.052,0.0666,1.3454,1.2047,0.0503,0.3668,0.0472,0.4478,0.0503,0.065,1.238,1.2556,0.0505,0.2349,0.0469,0.4206,0.0509,0.0686,1.5995,1.6661,0.0492,0.3425
79,140393.741,5.0,19.7,0.0479,0.0516,0.0716,0.0489,1.5947,1.5812,0.0821,0.0488,0.0484,0.0527,0.0518,0.0494,1.4647,1.4573,0.0499,0.0489,0.0483,0.0522,0.0511,0.051,1.3673,1.3596,0.0484,0.0484,0.0487,0.0529,0.051,0.0496,1.4084,1.2951,0.0488,0.0478,0.0469,0.0521,0.0526,0.0492,1.3754,1.2078,0.0509,0.049,0.047,0.0511,0.0513,0.0487,1.4178,1.3595,0.049,0.0476,0.0475,0.4768,0.053,0.0693,1.4007,1.1991,0.1033,0.4251,0.0476,0.5104,0.052,0.0647,1.341,1.17,0.052,1.4535,0.0476,0.52,0.0544,0.0751,1.2915,1.1994,0.0516,0.465,0.0478,0.4879,0.0522,0.0667,1.3235,1.1878,0.0504,0.3982,0.0474,0.4771,0.0505,0.0654,1.22,1.2174,0.0506,0.2517,0.0469,0.4448,0.0509,0.0689,1.6008,1.6569,0.0493,0.3705
80,142193.679,5.0,19.7,0.0479,0.0515,0.0674,0.0489,1.6022,1.5918,0.0754,0.049,0.0485,0.0526,0.0518,0.0494,1.4944,1.4921,0.0502,0.0489,0.0484,0.0522,0.0511,0.0512,1.3656,1.3882,0.0484,0.0485,0.0488,0.0529,0.051,0.0496,1.4035,1.3433,0.0487,0.0479,0.0468,0.0521,0.0527,0.0492,1.3722,1.1856,0.0508,0.0492,0.0469,0.0512,0.0513,0.0487,1.4302,1.4085,0.0491,0.0477,0.0475,0.5024,0.053,0.0694,1.3923,1.1903,0.1059,0.4551,0.0476,0.5375,0.0521,0.0648,1.3327,1.1741,0.052,1.4858,0.0476,0.5442,0.0545,0.0753,1.281,1.2027,0.0516,0.4965,0.0479,0.517,0.0522,0.0669,1.3037,1.1883,0.0503,0.4286,0.0475,0.5043,0.0505,0.0654,1.2128,1.2602,0.0506,0.2702,0.047,0.4619,0.051,0.0689,1.5967,1.6698,0.0493,0.403
81,143993.606,5.0,19.7,0.0479,0.0515,0.0604,0.0489,1.5881,1.5972,0.0587,0.0491,0.0484,0.0528,0.0518,0.0494,1.5197,1.4983,0.0499,0.0489,0.0482,0.0522,0.0513,0.0512,1.3814,1.4292,0.0484,0.0486,0.0489,0.0529,0.051,0.0496,1.4056,1.3684,0.049,0.0479,0.0469,0.0521,0.0526,0.0493,1.3774,1.263,0.0509,0.0492,0.0471,0.0511,0.0513,0.0488,1.4607,1.4484,0.049,0.0477,0.0476,0.5292,0.053,0.0696,1.394,1.1896,0.1124,0.4929,0.0476,0.5686,0.0521,0.0649,1.3238,1.2194,0.052,1.511,0.0477,0.5706,0.0545,0.0755,1.2761,1.218,0.0517,0.5298,0.0479,0.5442,0.0521,0.067,1.2887,1.2025,0.0504,0.4664,0.0476,0.5346,0.0505,0.0655,1.2352,1.3657,0.0505,0.2911,0.047,0.4894,0.0509,0.069,1.5975,1.6728,0.0492,0.4319
82,145793.539,5.0,19.7,0.0479,0.0516,0.0666,0.0491,1.6073,1.5991,0.0837,0.0489,0.0486,0.0527,0.0517,0.0495,1.5303,1.5062,0.0498,0.0489,0.0483,0.0522,0.051,0.0512,1.3939,1.4389,0.0485,0.0486,0.0488,0.053,0.051,0.0496,1.4002,1.3888,0.049,0.0479,0.0469,0.052,0.0527,0.0492,1.3705,1.2675,0.0509,0.0492,0.047,0.0513,0.0514,0.0489,1.4717,1.457,0.0491,0.0477,0.0475,0.5572,0.053,0.0698,1.3882,1.1778,0.1189,0.5254,0.0475,0.5958,0.0521,0.0651,1.3143,1.2122,0.0521,1.5261,0.0476,0.5939,0.0544,0.0757,1.2574,1.2122,0.0518,0.5602,0.0478,0.5719,0.0521,0.0671,1.2656,1.1997,0.0504,0.4937,0.0474,0.5355,0.0506,0.0657,1.2508,1.3019,0.0507,0.3147,0.047,0.5065,0.051,0.0691,1.5952,1.6665,0.0492,0.4593
83,147593.48,5.0,19.7,0.048,0.0517,0.0639,0.0491,1.6037,1.6054,0.0639,0.0491,0.0485,0.0528,0.0518,0.0496,1.5458,1.521,0.0501,0.0489,0.0483,0.0522,0.0511,0.0513,1.4344,1.4539,0.0485,0.0487,0.0488,0.0529,0.0511,0.0497,1.3997,1.4232,0.0489,0.0479,0.047,0.0522,0.0528,0.0494,1.3688,1.2585,0.0509,0.0491,0.047,0.0512,0.0515,0.0489,1.4874,1.4734,0.0491,0.0477,0.0475,0.5837,0.0531,0.0698,1.3802,1.1739,0.1228,0.5539,0.0475,0.6225,0.0521,0.0652,1.3042,1.2753,0.0519,1.542,0.0477,0.62,0.0545,0.0758,1.2442,1.2386,0.0516,0.5904,0.0478,0.5967,0.0523,0.0672,1.2488,1.2383,0.0504,0.5235,0.0476,0.562,0.0506,0.0657,1.2934,1.3379,0.0505,0.3405,0.0471,0.5294,0.051,0.0694,1.596,1.6806,0.0493,0.4842
84,149393.396,5.0,19.7,0.048,0.0518,0.0699,0.0493,1.5909,1.598,0.0701,0.0489,0.0486,0.0528,0.052,0.0496,1.5506,1.5082,0.05,0.0491,0.0484,0.0523,0.0513,0.0513,1.4664,1.4755,0.0486,0.0487,0.049,0.053,0.0511,0.0498,1.4046,1.3725,0.049,0.048,0.0469,0.0522,0.0528,0.0494,1.363,1.2713,0.051,0.0492,0.047,0.0514,0.0514,0.049,1.4957,1.4792,0.0492,0.0477,0.0477,0.6107,0.0531,0.0701,1.3739,1.1649,0.1303,0.5908,0.0476,0.6442,0.0522,0.0654,1.2985,1.2796,0.052,1.5436,0.0477,0.6469,0.0545,0.0758,1.2266,1.2325,0.0518,0.6215,0.0479,0.6194,0.0523,0.0675,1.2325,1.2372,0.0504,0.5591,0.0474,0.5847,0.0507,0.0659,1.325,1.3547,0.0506,0.3675,0.0471,0.546,0.051,0.0695,1.5903,1.6582,0.0492,0.5015
85,151193.335,5.0,19.8,0.0479,0.0517,0.0625,0.0493,1.5986,1.6032,0.0697,0.049,0.0485,0.0529,0.0518,0.0496,1.5524,1.5142,0.05,0.0491,0.0484,0.0523,0.0512,0.0514,1.4729,1.4439,0.0485,0.0486,0.0489,0.0531,0.0512,0.0498,1.3938,1.3982,0.049,0.048,0.047,0.0523,0.0529,0.0494,1.3483,1.329,0.051,0.0492,0.0471,0.0513,0.0515,0.0491,1.4932,1.4778,0.0491,0.0479,0.0476,0.6363,0.0532,0.0704,1.3552,1.1488,0.139,0.6223,0.0476,0.6656,0.0522,0.0655,1.2889,1.2621,0.0521,1.5624,0.0478,0.6713,0.0545,0.076,1.2061,1.1993,0.0517,0.6515,0.0479,0.6422,0.0523,0.0676,1.2118,1.1946,0.0505,0.5907,0.0475,0.6068,0.0506,0.0661,1.3412,1.4004,0.0506,0.399,0.0471,0.5626,0.0511,0.0696,1.595,1.6523,0.0493,0.5237
86,152993.254,5.0,19.7,0.0479,0.0515,0.0622,0.0493,1.5873,1.5966,0.0641,0.0491,0.0485,0.0529,0.0519,0.0497,1.5584,1.538,0.05,0.0492,0.0484,0.0524,0.0513,0.0515,1.511,1.4923,0.0484,0.0487,0.0489,0.053,0.0511,0.0499,1.4293,1.4672,0.0489,0.0479,0.047,0.0524,0.0527,0.0495,1.3615,1.3678,0.0509,0.0493,0.0471,0.0513,0.0513,0.049,1.5118,1.4964,0.0492,0.0478,0.0477,0.6622,0.053,0.0705,1.3676,1.1961,0.1474,0.6524,0.0477,0.6904,0.0521,0.0657,1.2863,1.3521,0.0521,1.555,0.0477,0.6939,0.0546,0.0763,1.2237,1.2775,0.0518,0.682,0.0478,0.6655,0.0523,0.0677,1.2108,1.2541,0.0504,0.6273,0.0476,0.6327,0.0506,0.0662,1.4297,1.4178,0.0507,0.424,0.0471,0.5802,0.051,0.07,1.5917,1.6409,0.0494,0.5443
87,154793.183,5.0,19.8,0.048,0.0519,0.0765,0.0493,1.5655,1.6074,0.0726,0.0491,0.0486,0.053,0.0519,0.0497,1.5735,1.5362,0.0499,0.0492,0.0485,0.0525,0.0512,0.0515,1.5352,1.4986,0.0485,0.0488,0.049,0.0532,0.0511,0.05,1.4978,1.4902,0.049,0.048,0.047,0.0523,0.0528,0.0495,1.3924,1.3747,0.051,0.0493,0.0471,0.0514,0.0514,0.0492,1.5379,1.4988,0.0491,0.0479,0.0477,0.6843,0.0532,0.0707,1.4149,1.2592,0.1566,0.6781,0.0477,0.7136,0.0523,0.0658,1.2845,1.4076,0.0518,1.5602,0.0478,0.7173,0.0546,0.0767,1.2723,1.3341,0.0517,0.7191,0.0478,0.6896,0.0524,0.0678,1.2389,1.2975,0.0504,0.6635,0.0475,0.6659,0.0507,0.0664,1.4851,1.4349,0.0506,0.451,0.047,0.5988,0.0511,0.07,1.5993,1.6262,0.0495,0.5619
88,156593.117,5.0,19.7,0.0479,0.0518,0.081,0.0494,1.5835,1.5973,0.0691,0.0492,0.0487,0.0529,0.0519,0.0498,1.5792,1.5298,0.0499,0.0491,0.0485,0.0524,0.0512,0.0516,1.5432,1.4983,0.0485,0.0489,0.0489,0.0532,0.0512,0.0499,1.5248,1.4764,0.049,0.048,0.0471,0.0524,0.053,0.0495,1.4269,1.4291,0.051,0.0494,0.0471,0.0514,0.0514,0.0492,1.5412,1.5079,0.0492,0.0479,0.0477,0.7066,0.0532,0.0709,1.4526,1.2607,0.1647,0.7112,0.0476,0.7333,0.0523,0.0658,1.2876,1.417,0.0521,1.5574,0.0477,0.7367,0.0547,0.0767,1.3195,1.358,0.0518,0.748,0.048,0.7082,0.0523,0.0679,1.2611,1.279,0.0505,0.6884,0.0476,0.6892,0.0508,0.0664,1.4966,1.4529,0.0506,0.4862,0.047,0.6146,0.0511,0.07,1.6033,1.612,0.0492,0.5667
89,158393.056,5.0,19.7,0.048,0.0521,0.0893,0.0494,1.6124,1.5924,0.0715,0.0491,0.0487,0.053,0.052,0.0498,1.5819,1.5246,0.05,0.0492,0.0484,0.0525,0.0512,0.0516,1.5493,1.5063,0.0486,0.0488,0.049,0.0532,0.0513,0.05,1.539,1.4682,0.049,0.0481,0.0471,0.0525,0.0529,0.0496,1.4637,1.4474,0.0511,0.0495,0.0471,0.0514,0.0516,0.0494,1.5476,1.5099,0.0492,0.048,0.0477,0.7291,0.0534,0.071,1.4869,1.2902,0.1699,0.7442,0.0477,0.7571,0.0524,0.066,1.2931,1.4276,0.0521,1.547,0.0478,0.7587,0.0548,0.0769,1.3886,1.3821,0.0518,0.7776,0.0479,0.7264,0.0524,0.0681,1.3179,1.3803,0.0504,0.7297,0.0476,0.7004,0.0508,0.0665,1.5103,1.4655,0.0506,0.5161,0.0471,0.6317,0.0511,0.0698,1.5957,1.5966,0.0493,0.5827
90,160192.97,5.0,19.7,0.048,0.052,0.0621,0.0494,1.6138,1.5993,0.0608,0.0491,0.0487,0.0531,0.0518,0.05,1.5846,1.542,0.0501,0.0492,0.0485,0.0526,0.0512,0.0517,1.5597,1.5104,0.0486,0.0489,0.049,0.0533,0.0512,0.0501,1.5482,1.4737,0.049,0.0481,0.0471,0.0525,0.0529,0.0496,1.5028,1.4743,0.0512,0.0494,0.0471,0.0514,0.0515,0.0492,1.5531,1.5198,0.0494,0.048,0.0477,0.7542,0.0533,0.0711,1.5107,1.3403,0.1775,0.7707,0.0477,0.7771,0.0525,0.0661,1.3127,1.4409,0.0521,1.5664,0.0478,0.782,0.0548,0.077,1.4495,1.431,0.0518,0.8039,0.0479,0.7526,0.0525,0.0682,1.4013,1.4081,0.0505,0.76,0.0475,0.7286,0.0509,0.0667,1.5165,1.4906,0.0507,0.5435,0.047,0.651,0.0512,0.0702,1.5996,1.5371,0.0495,0.5931
91,161992.896,5.0,19.7,0.048,0.0521,0.083,0.0495,1.6059,1.5949,0.0898,0.0494,0.0487,0.0531,0.052,0.0499,1.5782,1.5603,0.0503,0.0494,0.0486,0.0525,0.0513,0.0518,1.5587,1.5235,0.0485,0.0489,0.0491,0.0533,0.0512,0.0501,1.547,1.4999,0.0491,0.0482,0.0472,0.0525,0.0529,0.0497,1.518,1.4829,0.051,0.0495,0.0472,0.0516,0.0515,0.0493,1.5521,1.5276,0.0492,0.0481,0.0478,0.7756,0.0533,0.0712,1.5049,1.3501,0.1871,0.7926,0.0478,0.8004,0.0525,0.0663,1.3189,1.4143,0.0522,1.5549,0.0479,0.8021,0.0548,0.0773,1.4679,1.4628,0.0518,0.8289,0.048,0.7745,0.0526,0.0683,1.4236,1.373,0.0505,0.7872,0.0475,0.7545,0.0507,0.0668,1.5275,1.5161,0.0508,0.5751,0.0469,0.6712,0.0511,0.0703,1.556,1.4476,0.0496,0.6131
92,163792.838,5.0,19.7,0.0481,0.0521,0.0864,0.0496,1.6058,1.6005,0.0674,0.0493,0.0488,0.0531,0.052,0.05,1.5769,1.5669,0.0499,0.0494,0.0486,0.0526,0.0513,0.0517,1.5684,1.5336,0.0487,0.049,0.0491,0.0534,0.0513,0.0502,1.5534,1.5021,0.0491,0.0483,0.0471,0.0526,0.053,0.0497,1.5297,1.4751,0.0511,0.0497,0.0473,0.0515,0.0515,0.0494,1.5579,1.5299,0.0493,0.0481,0.0478,0.7949,0.0534,0.0715,1.5133,1.3634,0.1998,0.8184,0.0478,0.8241,0.0525,0.0663,1.3317,1.4481,0.0522,1.546,0.0479,0.8206,0.0548,0.0773,1.4834,1.4868,0.0519,0.8476,0.0479,0.7943,0.0526,0.0684,1.4542,1.4588,0.0506,0.8163,0.0475,0.7773,0.0509,0.067,1.5363,1.5198,0.0507,0.6087,0.0468,0.6857,0.0511,0.0706,1.5244,1.3782,0.0496,0.6172
93,165592.765,5.0,19.7,0.048,0.0521,0.092,0.0496,1.5969,1.5941,0.0851,0.0493,0.0486,0.053,0.052,0.0499,1.5719,1.6039,0.05,0.0494,0.0484,0.0526,0.0513,0.0518,1.5714,1.5545,0.0487,0.0489,0.0491,0.0534,0.0512,0.0502,1.5553,1.5022,0.0492,0.0483,0.0472,0.0525,0.053,0.0497,1.5409,1.4866,0.0512,0.0495,0.0472,0.0516,0.0515,0.0493,1.5617,1.5442,0.0494,0.048,0.0478,0.8128,0.0534,0.0716,1.5202,1.3538,0.2144,0.8455,0.0478,0.8437,0.0525,0.0665,1.3536,1.483,0.0522,1.5426,0.0478,0.8403,0.0549,0.0775,1.5008,1.4943,0.0519,0.8599,0.048,0.8152,0.0525,0.0688,1.4809,1.4604,0.0506,0.839,0.0475,0.798,0.0508,0.0672,1.5482,1.5423,0.0508,0.6396,0.0469,0.7027,0.0512,0.071,1.5144,1.1838,0.0495,0.6298
94,167392.706,5.0,19.7,0.0482,0.0522,0.0885,0.0496,1.5949,1.5671,0.0777,0.0493,0.0487,0.0532,0.0519,0.05,1.5698,1.6044,0.0502,0.0494,0.0485,0.0527,0.0514,0.0519,1.5767,1.5687,0.0487,0.0492,0.0491,0.0535,0.0514,0.0503,1.5538,1.508,0.0491,0.0485,0.0471,0.0527,0.053,0.0499,1.5455,1.5137,0.0512,0.0497,0.0472,0.0517,0.0516,0.0495,1.5636,1.5366,0.0493,0.048,0.0479,0.8363,0.0536,0.0718,1.5236,1.3883,0.2321,0.869,0.0477,0.8645,0.0525,0.0665,1.3675,1.4992,0.0522,1.5375,0.0479,0.8607,0.0549,0.0777,1.5069,1.4903,0.0518,0.8873,0.0479,0.8332,0.0526,0.0688,1.4962,1.4854,0.0505,0.8599,0.0475,0.8239,0.051,0.0672,1.5521,1.5689,0.0508,0.6657,0.0469,0.7157,0.0512,0.0711,1.4851,1.1434,0.0496,0.6401
95,169192.633,5.0,19.7,0.0481,0.0522,0.0847,0.0497,1.5944,1.5479,0.0897,0.0494,0.0488,0.0532,0.052,0.0501,1.5712,1.5991,0.0502,0.0494,0.0487,0.0527,0.0513,0.0519,1.5803,1.5869,0.0488,0.0492,0.0491,0.0535,0.0513,0.0503,1.5524,1.5405,0.0491,0.0484,0.0472,0.0527,0.053,0.0499,1.5551,1.5236,0.0512,0.0497,0.0474,0.0516,0.0516,0.0495,1.5647,1.5467,0.0492,0.048,0.0478,0.8601,0.0534,0.0721,1.5265,1.4518,0.2503,0.8821,0.0478,0.8845,0.0526,0.0669,1.424,1.4766,0.0521,1.5368,0.0479,0.8805,0.0549,0.0779,1.5151,1.4937,0.0519,0.905,0.0479,0.85,0.0526,0.0689,1.5097,1.4795,0.0505,0.8769,0.0476,0.8519,0.0509,0.0673,1.5625,1.58,0.0507,0.6993,0.0468,0.7288,0.0513,0.071,1.4312,1.1407,0.0496,0.6502
96,170992.572,5.0,19.7,0.048,0.0522,0.0767,0.0497,1.5937,1.4955,0.0655,0.0493,0.0487,0.053,0.052,0.05,1.5755,1.6064,0.05,0.0495,0.0486,0.0526,0.0513,0.0519,1.5759,1.5747,0.0487,0.0491,0.0491,0.0534,0.0514,0.0503,1.5444,1.5377,0.0491,0.0485,0.0472,0.0527,0.053,0.0498,1.5594,1.5273,0.0511,0.0498,0.0473,0.0516,0.0516,0.0494,1.5601,1.5534,0.0493,0.0481,0.0479,0.8747,0.0535,0.0722,1.5213,1.4496,0.2709,0.9022,0.0478,0.9022,0.0526,0.0668,1.4521,1.5025,0.0523,1.5292,0.0478,0.9002,0.0548,0.078,1.5171,1.5028,0.0518,0.9139,0.048,0.8625,0.0526,0.0691,1.513,1.5076,0.0506,0.8883,0.0475,0.8867,0.051,0.0676,1.5697,1.5774,0.0508,0.7229,0.0468,0.7347,0.0512,0.0711,1.3627,1.1348,0.0494,0.6502
97,172792.497,5.0,19.7,0.0481,0.0523,0.0796,0.0498,1.5904,1.4785,0.0708,0.0493,0.0489,0.0531,0.0519,0.0501,1.5787,1.6221,0.0499,0.0494,0.0485,0.0526,0.0514,0.052,1.5741,1.5942,0.0486,0.049,0.0491,0.0535,0.0513,0.0503,1.5404,1.5406,0.0491,0.0486,0.0472,0.0527,0.053,0.0499,1.5638,1.5463,0.0511,0.0496,0.0472,0.0517,0.0516,0.0496,1.549,1.5769,0.0493,0.0482,0.0479,0.8938,0.0535,0.0722,1.5244,1.4751,0.2958,0.92,0.0479,0.9203,0.0526,0.067,1.4669,1.5023,0.0522,1.5355,0.0478,0.9202,0.0548,0.078,1.5198,1.525,0.0519,0.9348,0.048,0.8843,0.0527,0.0693,1.5201,1.5107,0.0506,0.9028,0.0475,0.9142,0.051,0.0677,1.5697,1.599,0.0508,0.7531,0.0469,0.7417,0.0512,0.0713,1.21,1.1279,0.0497,0.6498
98,174592.431,5.0,19.7,0.0481,0.0522,0.0633,0.0498,1.5687,1.4135,0.0782,0.0495,0.0488,0.0533,0.0519,0.0501,1.5962,1.6139,0.0502,0.0496,0.0486,0.0527,0.0513,0.052,1.5697,1.5899,0.0488,0.0491,0.0492,0.0536,0.0513,0.0504,1.5344,1.5722,0.0492,0.0487,0.0472,0.0527,0.053,0.05,1.5641,1.5504,0.0512,0.0498,0.0472,0.0516,0.0516,0.0496,1.5423,1.5641,0.0494,0.0482,0.0479,0.916,0.0535,0.0725,1.529,1.4873,0.3224,0.9246,0.0479,0.9399,0.0526,0.067,1.4654,1.5003,0.0523,1.5118,0.0479,0.9382,0.0549,0.0781,1.524,1.53,0.052,0.9411,0.048,0.8996,0.0527,0.0694,1.5304,1.5126,0.0506,0.919,0.0475,0.9336,0.051,0.0678,1.5856,1.6177,0.0508,0.773,0.0467,0.7415,0.0513,0.0713,1.0942,1.1221,0.0496,0.6501
99,176392.36,5.0,19.7,0.0482,0.0524,0.0844,0.0498,1.5729,1.3776,0.0674,0.0494,0.0489,0.0533,0.052,0.0502,1.6003,1.6076,0.0501,0.0496,0.0487,0.0527,0.0514,0.0521,1.5695,1.6064,0.0488,0.0493,0.0491,0.0536,0.0514,0.0505,1.5328,1.583,0.0492,0.0489,0.0472,0.0528,0.0532,0.05,1.5677,1.5747,0.0512,0.0498,0.0473,0.0517,0.0516,0.0497,1.5466,1.5953,0.0494,0.0482,0.0479,0.9361,0.0537,0.0727,1.5311,1.4703,0.3542,0.9432,0.0478,0.9572,0.0527,0.0672,1.4733,1.4988,0.0522,1.4762,0.0478,0.9551,0.0549,0.0782,1.5295,1.5288,0.0521,0.9505,0.0479,0.9093,0.0527,0.0696,1.5375,1.5098,0.0507,0.9302,0.0475,0.9541,0.051,0.068,1.5922,1.6407,0.0506,0.7916,0.0467,0.736,0.0514,0.0713,1.0891,1.1157,0.0497,0.6521
100,178192.282,5.0,19.7,0.048,0.0522,0.0651,0.0498,1.5509,1.2946,0.0805,0.0494,0.0488,0.0533,0.052,0.0502,1.6025,1.6281,0.0502,0.0496,0.0486,0.0527,0.0514,0.0522,1.5711,1.6114,0.0488,0.0492,0.0492,0.0537,0.0513,0.0504,1.5323,1.6013,0.0492,0.0489,0.0473,0.0528,0.053,0.0502,1.5687,1.5783,0.0514,0.0498,0.0473,0.0517,0.0516,0.0496,1.5526,1.597,0.0496,0.0483,0.0478,0.9537,0.0536,0.0727,1.5314,1.4905,0.3852,0.9561,0.0478,0.9731,0.0526,0.0673,1.4881,1.5137,0.0522,1.4639,0.0479,0.9757,0.0549,0.0783,1.5371,1.5332,0.0519,0.9579,0.0481,0.9271,0.0528,0.0696,1.5458,1.5459,0.0507,0.9395,0.0476,0.9727,0.051,0.0679,1.6008,1.6473,0.0509,0.8105,0.0463,0.7188,0.0514,0.0714,1.0836,1.1082,0.0496,0.6499
101,179992.213,5.0,19.7,0.0481,0.0522,0.0636,0.0499,1.5214,1.2274,0.0784,0.0494,0.0488,0.0533,0.0519,0.0502,1.6085,1.6094,0.0499,0.0496,0.0485,0.0528,0.0515,0.0522,1.5764,1.6111,0.0488,0.0493,0.0492,0.0538,0.0514,0.0506,1.5391,1.5814,0.0492,0.0489,0.0472,0.0528,0.0531,0.0501,1.5711,1.5855,0.0512,0.0497,0.0473,0.0518,0.0516,0.0498,1.5551,1.5838,0.0495,0.0482,0.048,0.9669,0.0536,0.0727,1.5362,1.4794,0.4198,0.9611,0.0478,0.9888,0.0526,0.0675,1.4867,1.5115,0.0522,1.4773,0.0479,1.0065,0.0549,0.0785,1.5478,1.5342,0.0519,0.9637,0.048,0.9418,0.0527,0.0697,1.5554,1.5496,0.0506,0.945,0.0476,0.9912,0.051,0.0682,1.6172,1.6492,0.0507,0.8197,0.0461,0.7069,0.0514,0.0717,1.0768,1.1021,0.0498,0.641
102,181792.145,5.0,19.7,0.048,0.0525,0.093,0.05,1.4623,1.1842,0.0797,0.0494,0.0488,0.0533,0.0521,0.0504,1.592,1.6074,0.0503,0.0497,0.0487,0.0529,0.0514,0.0522,1.5803,1.6247,0.0488,0.0493,0.0492,0.0538,0.0514,0.0506,1.5476,1.6199,0.0492,0.0491,0.0473,0.0528,0.0531,0.0501,1.5771,1.5987,0.0513,0.0499,0.0473,0.0518,0.0517,0.0498,1.5632,1.6038,0.0495,0.0483,0.0479,0.9844,0.0537,0.0731,1.5407,1.4873,0.4547,0.9662,0.0478,1.0027,0.0528,0.0675,1.4825,1.5252,0.0523,1.4285,0.0479,1.0227,0.0551,0.0787,1.5574,1.5275,0.0521,0.9711,0.048,0.9643,0.0529,0.0699,1.565,1.5768,0.0508,0.9555,0.0475,1.0023,0.0511,0.0682,1.6173,1.6518,0.051,0.8343,0.0459,0.6874,0.0514,0.0718,1.0687,1.0949,0.0499,0.635
103,183592.075,5.0,19.7,0.0481,0.0526,0.066,0.0499,1.4445,1.1836,0.0708,0.0496,0.0488,0.0533,0.0519,0.0503,1.5946,1.6105,0.0504,0.0497,0.0486,0.0529,0.0513,0.0522,1.593,1.6159,0.0489,0.0494,0.0492,0.0537,0.0514,0.0506,1.5565,1.6222,0.0492,0.0492,0.0472,0.053,0.0531,0.0501,1.5789,1.6032,0.0512,0.0499,0.0473,0.0517,0.0517,0.0498,1.5568,1.6246,0.0493,0.0482,0.0479,0.9965,0.0537,0.0732,1.545,1.5024,0.486,0.9698,0.0479,1.0147,0.0527,0.0677,1.4931,1.5271,0.0523,1.3845,0.048,1.0558,0.055,0.0786,1.5665,1.5436,0.0521,0.9659,0.048,0.9837,0.0527,0.0699,1.5728,1.5642,0.0507,0.9586,0.0477,1.0083,0.0511,0.0683,1.633,1.6548,0.0509,0.8523,0.046,0.6724,0.0514,0.072,1.0602,1.0899,0.0497,0.618
104,185392.002,5.0,19.7,0.048,0.0526,0.0884,0.0499,1.4086,1.1835,0.078,0.0497,0.0487,0.0534,0.052,0.0503,1.6004,1.6088,0.0504,0.0497,0.0486,0.0529,0.0516,0.0524,1.5889,1.6159,0.0489,0.0493,0.0493,0.0538,0.0514,0.0506,1.5688,1.5993,0.0492,0.0493,0.0474,0.0528,0.0531,0.0502,1.5903,1.6077,0.0513,0.0498,0.0473,0.0518,0.0517,0.0498,1.5528,1.6047,0.0496,0.0482,0.0478,1.0215,0.0537,0.0731,1.5483,1.5205,0.5177,0.9741,0.0479,1.027,0.0528,0.0677,1.4978,1.5398,0.0523,1.3709,0.0479,1.0816,0.055,0.0789,1.5728,1.5701,0.052,0.9647,0.0481,0.9915,0.0528,0.07,1.5761,1.592,0.0508,0.9644,0.0475,1.0286,0.0511,0.0683,1.6299,1.6607,0.0508,0.861,0.0458,0.6548,0.0515,0.0723,1.056,1.0765,0.0498,0.5967
105,187191.96,5.0,19.7,0.048,0.0525,0.0867,0.0499,1.3675,1.1829,0.0931,0.0495,0.0488,0.0534,0.0519,0.0504,1.6067,1.6041,0.0506,0.0497,0.0486,0.0528,0.0513,0.0523,1.6004,1.6301,0.0489,0.0495,0.0491,0.0538,0.0514,0.0507,1.5792,1.6106,0.0494,0.0494,0.0473,0.053,0.0531,0.0502,1.6021,1.6231,0.0514,0.05,0.0473,0.0518,0.0517,0.0499,1.5632,1.6238,0.0494,0.0484,0.048,1.0579,0.0538,0.0731,1.5544,1.5235,0.5534,0.9671,0.0479,1.0441,0.0528,0.0677,1.5016,1.5431,0.0523,1.3373,0.0479,1.1324,0.055,0.0789,1.5788,1.5437,0.052,0.9646,0.048,1.0053,0.0527,0.0701,1.5795,1.5989,0.0507,0.9653,0.0477,0.9977,0.0512,0.0683,1.643,1.6718,0.0509,0.8703,0.0458,0.6445,0.0514,0.0718,1.0499,1.0699,0.0499,0.5733
106,188991.866,5.0,19.7,0.0481,0.0525,0.064,0.05,1.3472,1.1805,0.065,0.0496,0.0489,0.0533,0.052,0.0505,1.6036,1.6026,0.0504,0.0497,0.0487,0.0529,0.0515,0.0523,1.6014,1.6206,0.0488,0.0494,0.0493,0.0538,0.0514,0.0507,1.5702,1.6224,0.0493,0.0495,0.0472,0.0529,0.0531,0.0503,1.6052,1.6209,0.0513,0.0499,0.0474,0.0518,0.0517,0.05,1.5737,1.6212,0.0494,0.0484,0.0478,1.0793,0.0537,0.0733,1.5609,1.5322,0.5888,0.9679,0.0478,1.0703,0.0529,0.068,1.5073,1.5495,0.0522,1.3111,0.0479,1.1571,0.0551,0.0788,1.584,1.557,0.052,0.9648,0.048,1.0405,0.0528,0.0703,1.5793,1.6107,0.0508,0.9621,0.0477,1.0439,0.0511,0.0685,1.6471,1.6791,0.0509,0.8798,0.0456,0.6343,0.0514,0.0723,1.0421,1.064,0.0497,0.5496
107,190791.796,5.0,19.7,0.048,0.0526,0.0694,0.05,1.2925,1.1809,0.0805,0.0496,0.0488,0.0534,0.0519,0.0504,1.6039,1.6065,0.0502,0.0498,0.0486,0.053,0.0515,0.0524,1.5937,1.6149,0.049,0.0495,0.0493,0.0539,0.0514,0.0508,1.5757,1.6202,0.0494,0.0498,0.0473,0.053,0.0532,0.0503,1.6102,1.6168,0.0514,0.0499,0.0474,0.0519,0.0517,0.05,1.574,1.6206,0.0496,0.0485,0.0479,1.11,0.0537,0.0735,1.5697,1.5472,0.6221,0.9709,0.0479,1.1142,0.0528,0.0679,1.5087,1.5843,0.0523,1.2803,0.0482,1.1946,0.055,0.079,1.5893,1.5803,0.0522,0.9639,0.0481,1.0557,0.0528,0.0704,1.5836,1.6139,0.0508,0.9645,0.0477,1.0013,0.0512,0.0686,1.6515,1.6778,0.0509,0.8884,0.0456,0.6263,0.0513,0.072,1.0304,1.0554,0.0497,0.5276
108,192591.736,5.1,19.7,0.048,0.0527,0.1006,0.0502,1.2374,1.1817,0.0925,0.0497,0.0489,0.0534,0.052,0.0506,1.6085,1.5957,0.0506,0.0499,0.0488,0.053,0.0516,0.0525,1.6093,1.6223,0.0488,0.0495,0.0492,0.0538,0.0514,0.0508,1.5868,1.627,0.0493,0.05,0.0474,0.0531,0.0531,0.0503,1.6089,1.6147,0.0514,0.05,0.0474,0.052,0.0517,0.05,1.5773,1.6087,0.0496,0.0484,0.048,1.1339,0.0537,0.0734,1.5743,1.5463,0.6561,0.9683,0.0479,1.1432,0.0528,0.068,1.5113,1.5707,0.0525,1.1968,0.0483,1.2182,0.0551,0.0791,1.5921,1.6109,0.0521,0.9631,0.048,1.0741,0.0529,0.0704,1.5877,1.6135,0.0507,0.9673,0.0476,1.054,0.0512,0.0686,1.6508,1.6832,0.0509,0.8921,0.0455,0.6189,0.0515,0.0723,1.0238,1.0453,0.0498,0.498
109,194391.665,5.0,19.7,0.048,0.0529,0.0885,0.05,1.1643,1.1807,0.0922,0.0497,0.0488,0.0534,0.052,0.0505,1.6081,1.5919,0.0501,0.0497,0.0485,0.0529,0.0516,0.0525,1.6093,1.6358,0.0489,0.0495,0.0491,0.0539,0.0514,0.0508,1.5984,1.6149,0.0493,0.0502,0.0472,0.0531,0.053,0.0503,1.6161,1.6228,0.0515,0.05,0.0473,0.052,0.0517,0.05,1.5815,1.6312,0.0495,0.0485,0.0479,1.1468,0.0537,0.0736,1.5826,1.5605,0.6909,0.968,0.0479,1.1751,0.0528,0.068,1.5235,1.5901,0.0524,1.1969,0.0484,1.2205,0.055,0.079,1.5999,1.5888,0.0522,0.9634,0.0481,1.084,0.0529,0.0706,1.5927,1.6406,0.0507,0.9659,0.0477,1.0137,0.0511,0.0687,1.6553,1.687,0.0508,0.8935,0.0454,0.6103,0.0515,0.0714,1.0198,1.0328,0.0498,0.482
110,196191.593,5.0,19.7,0.048,0.0527,0.0998,0.05,1.1585,1.1787,0.0748,0.0498,0.0488,0.0534,0.052,0.0506,1.5941,1.5946,0.0503,0.0498,0.0487,0.053,0.0514,0.0525,1.6122,1.6119,0.0489,0.0495,0.0492,0.054,0.0514,0.0508,1.6059,1.6047,0.0493,0.0506,0.0473,0.0531,0.0531,0.0504,1.6216,1.6122,0.0514,0.0501,0.0474,0.052,0.0518,0.05,1.5855,1.6222,0.0496,0.0485,0.0479,1.1656,0.0537,0.0737,1.5841,1.5727,0.7202,0.9693,0.0478,1.2224,0.0527,0.0681,1.5292,1.609,0.0523,1.1946,0.0483,1.264,0.0551,0.0789,1.6008,1.6232,0.0521,0.9643,0.048,1.0813,0.0529,0.0706,1.5888,1.6342,0.0508,0.9654,0.0477,1.018,0.0511,0.0686,1.652,1.6783,0.0509,0.8917,0.0453,0.6037,0.0514,0.0717,1.0096,1.0195,0.0498,0.4599
111,197991.534,5.0,19.7,0.0479,0.0528,0.0672,0.0501,1.1564,1.1747,0.0903,0.0497,0.0488,0.0535,0.052,0.0505,1.6037,1.5776,0.0501,0.05,0.0486,0.0529,0.0514,0.0525,1.6338,1.6045,0.049,0.0496,0.0491,0.0539,0.0515,0.0508,1.6125,1.5975,0.0493,0.051,0.0473,0.053,0.0532,0.0504,1.6295,1.6241,0.0515,0.0501,0.0472,0.0519,0.0517,0.0501,1.5977,1.6204,0.0496,0.0484,0.048,1.2102,0.0538,0.0736,1.5871,1.571,0.7538,0.9643,0.0479,1.2632,0.0529,0.0681,1.5404,1.6258,0.0523,1.1919,0.0484,1.3058,0.055,0.079,1.607,1.6497,0.0521,0.965,0.0481,1.0906,0.0529,0.0706,1.6016,1.6416,0.0509,0.9654,0.0477,1.0322,0.0513,0.0687,1.6472,1.6773,0.0508,0.8875,0.0451,0.5913,0.0516,0.0722,0.999,1.0045,0.0498,0.4385
112,199791.457,5.0,19.7,0.048,0.0529,0.0704,0.05,1.1559,1.1748,0.0884,0.0498,0.0488,0.0534,0.052,0.0506,1.6028,1.5643,0.0503,0.0499,0.0486,0.053,0.0514,0.0526,1.6231,1.6078,0.0489,0.0496,0.0493,0.054,0.0515,0.0509,1.6139,1.59,0.0494,0.0514,0.0473,0.0533,0.0532,0.0504,1.6334,1.6239,0.0516,0.0503,0.0473,0.052,0.0517,0.0501,1.6059,1.6192,0.0495,0.0486,0.0479,1.2683,0.0538,0.0734,1.5879,1.612,0.7862,0.9678,0.0479,1.3136,0.053,0.0682,1.5463,1.6253,0.0525,1.1882,0.0484,1.3429,0.0551,0.079,1.6037,1.647,0.0521,0.969,0.0481,1.089,0.0528,0.0708,1.6046,1.6365,0.0509,0.966,0.0477,1.0212,0.0512,0.0689,1.6498,1.6859,0.051,0.882,0.0448,0.5773,0.0515,0.0716,0.9858,0.9892,0.0496,0.4067
113,201591.393,5.0,19.7,0.0479,0.0528,0.0817,0.0501,1.1528,1.175,0.0697,0.05,0.0489,0.0535,0.0521,0.0507,1.5997,1.5564,0.0501,0.0499,0.0487,0.0532,0.0515,0.0526,1.625,1.6179,0.0489,0.0495,0.0492,0.054,0.0515,0.0509,1.615,1.5994,0.0493,0.0539,0.0473,0.0557,0.0531,0.0504,1.6253,1.6209,0.0515,0.0502,0.0474,0.052,0.0517,0.0501,1.6107,1.6221,0.0495,0.0485,0.048,1.3079,0.0539,0.0735,1.5871,1.6091,0.8116,0.9674,0.0478,1.3398,0.0529,0.0682,1.5371,1.6239,0.0524,1.1884,0.0483,1.3636,0.0551,0.0791,1.6072,1.6423,0.0521,0.9706,0.0481,1.0926,0.053,0.0709,1.602,1.6419,0.0508,0.9636,0.0477,1.02,0.0511,0.0689,1.6553,1.673,0.0509,0.8671,0.0447,0.5616,0.0513,0.0713,0.9688,0.9641,0.0497,0.382
114,203391.316,5.0,19.7,0.0481,0.053,0.0935,0.0504,1.1512,1.1742,0.0786,0.05,0.0488,0.0537,0.0521,0.0508,1.6029,1.534,0.0504,0.0499,0.0486,0.0531,0.0515,0.0527,1.6081,1.6101,0.0489,0.0495,0.0491,0.054,0.0515,0.051,1.6171,1.5946,0.0494,0.0542,0.0474,0.0508,0.053,0.0504,1.6213,1.6188,0.0515,0.0502,0.0473,0.052,0.0518,0.0502,1.6186,1.6106,0.0496,0.0485,0.0479,1.3265,0.0538,0.0737,1.5931,1.6116,0.8352,0.9705,0.0479,1.3546,0.0528,0.0682,1.5424,1.6283,0.0523,1.1852,0.0483,1.3784,0.0552,0.0792,1.6076,1.6453,0.0521,0.9754,0.048,1.0888,0.0529,0.0708,1.6073,1.6527,0.0508,0.9683,0.0475,1.023,0.0512,0.0689,1.6642,1.6676,0.0509,0.8619,0.0447,0.5434,0.0514,0.0714,0.9529,0.9348,0.0497,0.3622
115,205191.24,5.0,19.7,0.048,0.0529,0.0798,0.0502,1.1488,1.1716,0.0769,0.05,0.0488,0.0535,0.052,0.0507,1.6027,1.5074,0.0503,0.0499,0.0488,0.0531,0.0515,0.0527,1.621,1.6144,0.049,0.0496,0.0493,0.054,0.0515,0.051,1.6302,1.5971,0.0495,0.0571,0.0473,0.05,0.0531,0.0506,1.6265,1.6081,0.0515,0.0502,0.0473,0.052,0.0517,0.0503,1.6196,1.6192,0.0497,0.0486,0.0479,1.3357,0.0538,0.0736,1.6016,1.6124,0.863,0.972,0.0479,1.3509,0.0529,0.0681,1.5569,1.6353,0.0525,1.1817,0.0482,1.3818,0.0551,0.0791,1.6118,1.6451,0.052,0.9783,0.0481,1.0802,0.053,0.0707,1.619,1.6547,0.0508,0.9682,0.0475,1.0249,0.0512,0.069,1.663,1.6584,0.051,0.8548,0.0454,0.517,0.0514,0.0717,0.9364,0.9105,0.0498,0.3253
116,206991.186,5.0,19.7,0.048,0.0531,0.0863,0.0503,1.1471,1.1689,0.0616,0.0501,0.0488,0.0536,0.052,0.0508,1.6061,1.4653,0.0502,0.0499,0.0488,0.0532,0.0516,0.0527,1.6223,1.6015,0.0488,0.0496,0.0492,0.0541,0.0515,0.0511,1.6268,1.5818,0.0493,0.0552,0.0473,0.0506,0.0532,0.0505,1.6225,1.6,0.0513,0.0502,0.0474,0.0522,0.0518,0.0503,1.6234,1.6105,0.0496,0.0485,0.0481,1.3351,0.0538,0.0738,1.6027,1.6359,0.8947,0.9749,0.0479,1.3587,0.053,0.0682,1.5629,1.6471,0.0524,1.179,0.0483,1.3779,0.0552,0.0793,1.6114,1.6435,0.0521,0.9822,0.0482,1.0723,0.053,0.0709,1.6198,1.6675,0.0508,0.97,0.0476,1.0249,0.0513,0.0689,1.655,1.6446,0.0509,0.8475,0.0471,0.4917,0.0515,0.0719,0.9185,0.8866,0.0497,0.2945
117,208791.109,5.0,19.7,0.048,0.053,0.0901,0.0503,1.1446,1.165,0.0786,0.0501,0.049,0.0536,0.0525,0.0508,1.5884,1.4329,0.0503,0.0501,0.0487,0.0531,0.0516,0.0528,1.6146,1.5897,0.049,0.0497,0.049,0.0541,0.0515,0.051,1.6241,1.5873,0.0495,0.0556,0.0472,0.05,0.0532,0.0507,1.6362,1.5916,0.0515,0.0504,0.0475,0.0521,0.0517,0.0504,1.6197,1.6129,0.0497,0.0488,0.048,1.3508,0.0539,0.0738,1.6072,1.6429,0.9089,0.974,0.048,1.3762,0.053,0.0683,1.5664,1.6459,0.0524,1.1768,0.0484,1.3744,0.0552,0.0791,1.6138,1.6481,0.0521,0.9854,0.0482,1.0488,0.0529,0.0708,1.6406,1.6627,0.0509,0.9733,0.0475,1.0246,0.0512,0.069,1.6549,1.6361,0.0509,0.8358,0.0441,0.4588,0.0516,0.0714,0.895,0.8614,0.0498,0.2713
118,210591.048,5.0,19.7,0.0479,0.053,0.0687,0.0501,1.1415,1.1651,0.0777,0.0501,0.0489,0.0536,0.052,0.0507,1.5706,1.4006,0.0502,0.0501,0.0486,0.0532,0.0516,0.0528,1.6294,1.5666,0.049,0.0496,0.0491,0.054,0.0515,0.0511,1.6016,1.5568,0.0493,0.0563,0.0472,0.0512,0.0532,0.0506,1.6377,1.5788,0.0515,0.0503,0.0472,0.052,0.0516,0.0504,1.6007,1.6001,0.0495,0.0487,0.048,1.3516,0.0539,0.0737,1.6106,1.6498,0.9295,0.9782,0.0479,1.3671,0.0529,0.068,1.5639,1.6455,0.0523,1.1746,0.0483,1.3721,0.0552,0.079,1.6194,1.6495,0.052,0.9879,0.0481,1.0631,0.053,0.0709,1.6349,1.6599,0.0508,0.9754,0.0475,1.0272,0.0512,0.0688,1.6455,1.603,0.051,0.8239,0.0442,0.4344,0.0513,0.0709,0.8737,0.8339,0.0498,0.2762
119,212390.964,5.0,19.7,0.0479,0.0531,0.0982,0.0503,1.1399,1.1608,0.0893,0.0502,0.0489,0.0535,0.052,0.0508,1.5589,1.3549,0.0501,0.0501,0.0486,0.0532,0.0515,0.0528,1.6219,1.5568,0.049,0.0497,0.0492,0.0541,0.0516,0.0511,1.6118,1.564,0.0494,0.0569,0.0473,0.0507,0.0532,0.0507,1.6375,1.5898,0.0515,0.0505,0.0472,0.0522,0.0517,0.0504,1.6173,1.6093,0.0497,0.0487,0.048,1.3526,0.0539,0.0737,1.6158,1.6593,0.9451,0.9806,0.0479,1.3785,0.053,0.0681,1.5776,1.6409,0.0524,1.1712,0.0483,1.3685,0.055,0.079,1.6261,1.6561,0.052,0.994,0.0482,1.0536,0.053,0.0709,1.6352,1.6707,0.0508,0.9802,0.0475,1.0309,0.0514,0.0689,1.672,1.5948,0.051,0.8114,0.0448,0.3959,0.0513,0.0712,0.8468,0.8141,0.0498,0.2248
120,214190.898,5.0,19.7,0.048,0.0531,0.0946,0.0505,1.1367,1.16,0.0951,0.0502,0.0488,0.0536,0.0521,0.051,1.5569,1.3114,0.0501,0.0502,0.0486,0.0531,0.0515,0.0529,1.6107,1.5682,0.0488,0.0497,0.0492,0.0542,0.0514,0.0512,1.6108,1.5626,0.0494,0.0578,0.0473,0.051,0.0532,0.0507,1.6371,1.5869,0.0516,0.0503,0.0475,0.0521,0.0518,0.0503,1.6156,1.6074,0.0497,0.0486,0.0479,1.3724,0.0539,0.0737,1.6211,1.651,0.9562,0.9812,0.0479,1.3786,0.053,0.0681,1.5904,1.6501,0.0525,1.17,0.0483,1.3772,0.0551,0.0789,1.628,1.6552,0.052,1.0037,0.0481,1.0585,0.0531,0.0709,1.656,1.6783,0.0509,0.9812,0.0473,1.0335,0.0514,0.069,1.6545,1.5674,0.051,0.7987,0.0455,0.3533,0.0514,0.0717,0.8226,0.7938,0.0498,0.2279
121,215990.834,5.0,19.7,0.0481,0.0533,0.0708,0.0504,1.1359,1.1563,0.0928,0.0504,0.0489,0.0536,0.0521,0.0509,1.5349,1.2674,0.0502,0.05,0.0489,0.0533,0.0518,0.0529,1.6139,1.5288,0.0489,0.0497,0.0493,0.0542,0.0516,0.0512,1.6119,1.5537,0.0494,0.0588,0.0474,0.0489,0.0532,0.0507,1.6393,1.5935,0.0516,0.0504,0.0475,0.0521,0.0518,0.0506,1.6284,1.609,0.0497,0.0487,0.0481,1.4063,0.0539,0.0737,1.6279,1.6418,0.9732,0.983,0.048,1.3953,0.0531,0.0683,1.587,1.6488,0.0525,1.1646,0.0483,1.3858,0.0552,0.0791,1.6282,1.6577,0.0521,1.0131,0.0482,1.0656,0.053,0.0712,1.6407,1.6784,0.051,0.9793,0.0474,1.0412,0.0513,0.069,1.6495,1.5456,0.0511,0.7792,0.046,0.3138,0.0513,0.0716,0.7961,0.7805,0.0499,0.1734
122,217790.767,5.0,19.7,0.048,0.0534,0.0884,0.0504,1.1311,1.1542,0.0738,0.0505,0.049,0.0537,0.052,0.0509,1.4969,1.215,0.0503,0.0502,0.0487,0.0531,0.0516,0.053,1.6091,1.5141,0.049,0.0499,0.0493,0.0543,0.0516,0.0513,1.6176,1.532,0.0494,0.0597,0.0474,0.0503,0.0532,0.0507,1.6328,1.5695,0.0515,0.0505,0.0473,0.052,0.0518,0.0505,1.6189,1.5799,0.0496,0.0489,0.0481,1.3962,0.0539,0.0737,1.629,1.6506,0.9837,0.9849,0.0479,1.3917,0.053,0.0682,1.5991,1.6522,0.0525,1.1618,0.0483,1.3672,0.0551,0.0791,1.6361,1.6624,0.0522,1.0204,0.0482,1.0702,0.053,0.0709,1.6465,1.668,0.051,0.9778,0.0474,1.0429,0.0513,0.0689,1.6519,1.4951,0.0511,0.7575,0.0465,0.2738,0.0512,0.0715,0.771,0.7631,0.05,0.1577
123,219590.706,5.0,19.7,0.0479,0.0531,0.0746,0.0507,1.1247,1.1515,0.0954,0.0504,0.0487,0.0537,0.052,0.0509,1.4509,1.1784,0.051,0.0501,0.0485,0.0532,0.0516,0.053,1.6016,1.4808,0.0488,0.0497,0.049,0.0542,0.0516,0.0513,1.6093,1.5186,0.0493,0.0616,0.0472,0.0494,0.0531,0.0508,1.6287,1.5683,0.0515,0.0505,0.0474,0.052,0.0517,0.0504,1.6273,1.5614,0.0496,0.0487,0.048,1.4124,0.0539,0.0736,1.6368,1.6535,0.9953,0.9894,0.0478,1.4109,0.0529,0.0679,1.6002,1.6592,0.0524,1.161,0.0483,1.3482,0.0552,0.0789,1.6399,1.6597,0.0521,1.0296,0.0482,1.0786,0.053,0.0711,1.6549,1.6802,0.0507,0.9764,0.0475,1.0445,0.0512,0.0688,1.6117,1.4472,0.051,0.7362,0.0466,0.2295,0.0512,0.0707,0.7468,0.7489,0.0499,0.141
124,221390.618,5.0,19.7,0.0481,0.0533,0.0837,0.0505,1.1239,1.148,0.0762,0.0506,0.0488,0.0537,0.052,0.0509,1.4601,1.1819,0.0504,0.0504,0.0488,0.0532,0.0516,0.053,1.5975,1.4491,0.0491,0.0498,0.0492,0.0543,0.0515,0.0513,1.6209,1.4885,0.0495,0.0626,0.0474,0.0503,0.0532,0.0509,1.6168,1.5575,0.0517,0.0506,0.0474,0.0522,0.0517,0.0505,1.6368,1.5655,0.0497,0.0488,0.048,1.4343,0.0539,0.0737,1.6362,1.6604,1.0049,0.9935,0.0478,1.4263,0.0529,0.0681,1.6115,1.6628,0.0525,1.1569,0.0484,1.301,0.0552,0.079,1.6493,1.6658,0.0522,1.0278,0.0481,1.0866,0.0531,0.071,1.6533,1.6714,0.051,0.9756,0.0474,1.0484,0.0514,0.069,1.6014,1.3803,0.0511,0.7128,0.0463,0.1817,0.0513,0.0707,0.7255,0.7368,0.05,0.1314
125,223190.552,5.0,19.7,0.048,0.0537,0.0831,0.0507,1.1173,1.1439,0.0976,0.0506,0.0488,0.0539,0.052,0.0511,1.3889,1.1783,0.0506,0.0502,0.0487,0.0533,0.0516,0.053,1.5967,1.4128,0.0491,0.0498,0.0491,0.0542,0.0516,0.0514,1.6194,1.4599,0.0495,0.0621,0.0474,0.0477,0.0532,0.0509,1.6279,1.5474,0.0516,0.0505,0.0474,0.0522,0.0517,0.0507,1.6316,1.5407,0.0498,0.0487,0.0479,1.4584,0.054,0.0738,1.6245,1.6578,1.0142,0.9871,0.0479,1.4454,0.0531,0.0682,1.6227,1.6753,0.0525,1.1521,0.0484,1.242,0.0552,0.0791,1.6519,1.6752,0.0521,1.0215,0.0482,1.0989,0.0531,0.071,1.6459,1.6812,0.0509,0.9717,0.0473,1.0484,0.0514,0.0689,1.5875,1.308,0.0512,0.6887,0.0461,0.1349,0.0512,0.0705,0.7065,0.7259,0.05,0.2075
