,ACALD,ACALDt,ACKr,ACONTa,ACONTb,ACt2r,ADK1,AKGDH,AKGt2r,ALCD2x,ATPM,ATPS4r,BIOMASS_Ecoli_core_w_GAM,CO2t,CS,CYTBD,D_LACt2,ENO,ETOHt2r,EX_ac_e,EX_acald_e,EX_akg_e,EX_co2_e,EX_etoh_e,EX_for_e,EX_fru_e,EX_fum_e,EX_glc__D_e,EX_gln__L_e,EX_glu__L_e,EX_h_e,EX_h2o_e,EX_lac__D_e,EX_mal__L_e,EX_nh4_e,EX_o2_e,EX_pi_e,EX_pyr_e,EX_succ_e,FBA,FBP,FORt2,FORt,FRD7,FRUpts2,FUM,FUMt2_2,G6PDH2r,GAPD,GLCpts,GLNS,GLNabc,GLUDy,GLUN,GLUSy,GLUt2r,GND,H2Ot,ICDHyr,ICL,LDH_D,MALS,MALt2_2,MDH,ME1,ME2,NADH16,NADTRHD,NH4t,O2t,PDH,PFK,PFL,PGI,PGK,PGL,PGM,PIt2r,PPC,PPCK,PPS,PTAr,PYK,PYRt2,RPE,RPI,SUCCt2_2,SUCCt3,SUCDi,SUCOAS,TALA,THD2,TKT1,TKT2,TPI,EDD,EDA,PRK,RBC,EX_6pgc_e,EX_r5p_e,EX_xu5p__D_e,EX_2pg_e,EX_dhap_e,EX_redox_e,6pgc_t,r5p_t,xu5p__D_t,2pg_t,dhap_t,fraction_of_optimum,overflow_allowed,rub_pct_3pg_prod,pgk_pct_3pg_prod,pgm_pct_3pg_cons,ser_pct_3pg_cons
fluxes,0.0,0.0,-144.84075225195707,142.3962402711621,142.3962402711621,-144.84075225195707,0.0,106.11752166237599,0.0,0.0,0.0,805.1766033027196,33.625654471022436,-492.9049455296803,142.3962402711621,908.0606527914628,0.0,622.326727023199,0.0,144.84075225195707,0.0,0.0,492.9049455296803,0.0,0.0,0.0,0.0,0.0,0.0,0.0,819.3713809406673,0.0,0.0,0.0,-183.35396869959115,-454.0303263957314,614.1489678558471,0.0,0.0,-81.78767936986787,81.78767936986787,0.0,0.0,0.0,0.0,106.11752166237599,0.0,0.0,527.609983509223,0.0,8.598079848240436,0.0,-174.7558888513507,0.0,0.0,0.0,0.0,5.400124791776761e-13,142.3962402711621,0.0,0.0,0.0,0.0,106.11752166237599,0.0,0.0,801.9431311290867,0.0,183.35396869959115,454.0303263957314,413.25922034961695,0.0,0.0,-6.893259166559599,-527.609983509223,0.0,-622.326727023199,-614.1489678558471,96.35767545216197,0.0,0.0,144.84075225195707,508.5139743351293,0.0,-72.51036130131278,0.0,0.0,0.0,106.11752166237599,-106.11752166237599,-30.185750018636842,470.43131246322184,-30.185750018636842,-42.324611282675946,656.0599835885287,0.0,0.0,72.51036130131278,72.51036130131278,0.0,0.0,0.0,0.0,-737.8476629583965,0.0,0.0,0.0,0.0,0.0,737.8476629583965,0.8,True,21.560229303375092,92.52130795820601,92.52130795820601,7.478692041793991
fluxes,0.0,0.0,-146.65126165510648,144.1761932745516,144.1761932745516,-146.65126165510648,0.0,107.44399068315568,0.0,0.0,0.0,815.2413108440037,34.045975151910206,-499.0662573488015,144.1761932745516,919.4114109513562,0.0,630.1058111109891,0.0,146.65126165510648,0.0,0.0,499.0662573488015,0.0,0.0,0.0,0.0,0.0,0.0,0.0,829.6135232024258,0.0,0.0,0.0,-185.64589330833596,-459.7057054756781,621.8258299540453,0.0,0.0,-82.8100253619912,82.8100253619912,0.0,0.0,0.0,0.0,107.44399068315568,0.0,0.0,534.2051083030884,0.0,8.705555846343438,0.0,-176.94033746199253,0.0,0.0,0.0,0.0,-5.684341886080801e-13,144.1761932745516,0.0,0.0,0.0,0.0,107.44399068315568,0.0,0.0,811.9674202682005,0.0,185.64589330833596,459.7057054756781,418.4249606039873,0.0,0.0,-6.979424906141592,-534.2051083030884,0.0,-630.1058111109891,-621.8258299540453,97.5621463953139,0.0,0.0,146.65126165510648,514.8703990143185,0.0,-73.41674081757917,0.0,0.0,0.0,107.44399068315568,-107.44399068315568,-30.563071893869793,476.31170386901215,-30.563071893869793,-42.85366892370938,664.2607333833854,0.0,0.0,73.41674081757917,73.41674081757917,0.0,0.0,0.0,0.0,-747.0707587453766,0.0,0.0,0.0,0.0,0.0,747.0707587453766,0.81,True,21.56022930337508,92.52130795820601,92.52130795820601,7.478692041793991
fluxes,0.0,0.0,-148.46177105825603,145.95614627794117,145.95614627794117,-148.46177105825603,0.0,108.7704597039354,0.0,0.0,0.0,825.306018385288,34.466295832798,-505.2275691679227,145.95614627794117,930.7621691112496,0.0,637.8848951987793,0.0,148.46177105825603,0.0,0.0,505.2275691679227,0.0,0.0,0.0,0.0,0.0,0.0,0.0,839.8556654641842,0.0,0.0,0.0,-187.9378179170809,-465.3810845556248,629.5026920522436,0.0,0.0,-83.83237135411457,83.83237135411457,0.0,0.0,0.0,0.0,108.7704597039354,0.0,0.0,540.8002330969538,0.0,8.813031844446447,0.0,-179.12478607263446,0.0,0.0,0.0,0.0,-4.973799150320701e-13,145.95614627794117,0.0,0.0,0.0,0.0,108.7704597039354,0.0,0.0,821.9917094073141,0.0,187.9378179170809,465.3810845556248,423.5907008583577,0.0,0.0,-7.065590645723589,-540.8002330969538,0.0,-637.8848951987793,-629.5026920522436,98.76661733846595,0.0,0.0,148.46177105825603,521.2268236935079,0.0,-74.32312033384561,0.0,0.0,0.0,108.7704597039354,-108.7704597039354,-30.940393769102762,482.1920952748025,-30.940393769102762,-43.382726564742846,672.4614831782421,0.0,0.0,74.32312033384561,74.32312033384561,0.0,0.0,0.0,0.0,-756.2938545323567,0.0,0.0,0.0,0.0,0.0,756.2938545323567,0.8200000000000001,True,21.560229303375085,92.52130795820602,92.52130795820602,7.478692041793977
fluxes,0.0,0.0,-150.27228046140544,147.73609928133067,147.73609928133067,-150.27228046140544,0.0,110.09692872471508,0.0,0.0,0.0,835.370725926572,34.88661651368577,-511.38888098704376,147.73609928133067,942.1129272711428,0.0,645.6639792865691,0.0,150.27228046140544,0.0,0.0,511.38888098704376,0.0,0.0,0.0,0.0,0.0,0.0,0.0,850.0978077259425,0.0,0.0,0.0,-190.22974252582577,-471.0564636355714,637.1795541504417,0.0,0.0,-84.8547173462379,84.8547173462379,0.0,0.0,0.0,0.0,110.09692872471508,0.0,0.0,547.395357890819,0.0,8.920507842549451,0.0,-181.30923468327632,0.0,0.0,0.0,0.0,-3.552713678800501e-13,147.73609928133067,0.0,0.0,0.0,0.0,110.09692872471508,0.0,0.0,832.0159985464277,0.0,190.22974252582577,471.0564636355714,428.7564411127279,0.0,0.0,-7.151756385305583,-547.395357890819,0.0,-645.6639792865691,-637.1795541504417,99.97108828161788,0.0,0.0,150.27228046140544,527.583248372697,0.0,-75.229499850112,0.0,0.0,0.0,110.09692872471508,-110.09692872471508,-31.31771564433572,488.07248668059276,-31.31771564433572,-43.911784205776286,680.6622329730988,0.0,0.0,75.229499850112,75.229499850112,0.0,0.0,0.0,0.0,-765.5169503193366,0.0,0.0,0.0,0.0,0.0,765.5169503193366,0.8300000000000001,True,21.560229303375085,92.52130795820601,92.52130795820601,7.478692041793991
fluxes,0.0,0.0,-152.0827898645551,149.51605228472013,149.51605228472013,-152.0827898645551,0.0,111.42339774549473,0.0,0.0,0.0,845.4354334678559,35.30693719457356,-517.5501928061643,149.51605228472013,953.4636854310361,0.0,653.443063374359,0.0,152.0827898645551,0.0,0.0,517.5501928061643,0.0,0.0,0.0,0.0,0.0,0.0,0.0,860.3399499877008,0.0,0.0,0.0,-192.5216671345707,-476.73184271551804,644.8564162486394,0.0,0.0,-85.87706333836127,85.87706333836127,0.0,0.0,0.0,0.0,111.42339774549473,0.0,0.0,553.9904826846841,0.0,9.027983840652459,0.0,-183.49368329391822,0.0,0.0,0.0,0.0,-3.694822225952521e-13,149.51605228472013,0.0,0.0,0.0,0.0,111.42339774549473,0.0,0.0,842.0402876855413,0.0,192.5216671345707,476.73184271551804,433.9221813670979,0.0,0.0,-7.237922124887579,-553.9904826846841,0.0,-653.443063374359,-644.8564162486394,101.17555922477004,0.0,0.0,152.0827898645551,533.9396730518858,0.0,-76.13587936637842,0.0,0.0,0.0,111.42339774549473,-111.42339774549473,-31.695037519568682,493.952878086383,-31.695037519568682,-44.44084184680974,688.8629827679551,0.0,0.0,76.13587936637842,76.13587936637842,0.0,0.0,0.0,0.0,-774.7400461063164,0.0,0.0,0.0,0.0,0.0,774.7400461063164,0.8400000000000001,True,21.560229303375092,92.52130795820602,92.52130795820602,7.478692041793977
fluxes,0.0,0.0,-153.8932992677043,151.29600528810977,151.29600528810977,-153.8932992677043,0.0,112.74986676627452,0.0,0.0,0.0,855.50014100914,35.72725787546135,-523.7115046252853,151.29600528810977,964.8144435909293,0.0,661.222147462149,0.0,153.8932992677043,0.0,0.0,523.7115046252853,0.0,0.0,0.0,0.0,0.0,0.0,0.0,870.582092249459,0.0,0.0,0.0,-194.8135917433156,-482.40722179546464,652.533278346838,0.0,0.0,-86.89940933048464,86.89940933048464,0.0,0.0,0.0,0.0,112.74986676627452,0.0,0.0,560.5856074785495,0.0,9.135459838755466,0.0,-185.67813190456016,0.0,0.0,0.0,0.0,9.094947017729282e-13,151.29600528810977,0.0,0.0,0.0,0.0,112.74986676627452,0.0,0.0,852.0645768246548,0.0,194.8135917433156,482.40722179546464,439.087921621468,0.0,0.0,-7.3240878644695755,-560.5856074785495,0.0,-661.222147462149,-652.533278346838,102.38003016792209,0.0,0.0,153.8932992677043,540.296097731075,0.0,-77.04225888264486,0.0,0.0,0.0,112.74986676627452,-112.74986676627452,-32.07235939480165,499.8332694921732,-32.07235939480165,-44.9698994878432,697.0637325628118,0.0,0.0,77.04225888264486,77.04225888264486,0.0,0.0,0.0,0.0,-783.9631418932964,0.0,0.0,0.0,0.0,0.0,783.9631418932964,0.8500000000000001,True,21.560229303375092,92.521307958206,92.521307958206,7.478692041794005
fluxes,0.0,0.0,-155.70380867085387,153.0759582914993,153.0759582914993,-155.70380867085387,0.0,114.07633578705422,0.0,0.0,0.0,865.5648485504239,36.147578556349124,-529.8728164444066,153.0759582914993,976.1652017508227,0.0,669.001231549939,0.0,155.70380867085387,0.0,0.0,529.8728164444066,0.0,0.0,0.0,0.0,0.0,0.0,0.0,880.8242345112176,0.0,0.0,0.0,-197.1055163520605,-488.08260087541134,660.2101404450358,0.0,0.0,-87.92175532260798,87.92175532260798,0.0,0.0,0.0,0.0,114.07633578705422,0.0,0.0,567.1807322724148,0.0,9.24293583685847,0.0,-187.86258051520204,0.0,0.0,0.0,0.0,2.7000623958883807e-13,153.0759582914993,0.0,0.0,0.0,0.0,114.07633578705422,0.0,0.0,862.0888659637685,0.0,197.1055163520605,488.08260087541134,444.25366187583836,0.0,0.0,-7.41025360405157,-567.1807322724148,0.0,-669.001231549939,-660.2101404450358,103.58450111107402,0.0,0.0,155.70380867085387,546.6525224102642,0.0,-77.94863839891126,0.0,0.0,0.0,114.07633578705422,-114.07633578705422,-32.44968127003461,505.7136608979636,-32.44968127003461,-45.49895712887665,705.2644823576685,0.0,0.0,77.94863839891126,77.94863839891126,0.0,0.0,0.0,0.0,-793.1862376802765,0.0,0.0,0.0,0.0,0.0,793.1862376802765,0.8600000000000001,True,21.56022930337509,92.521307958206,92.521307958206,7.478692041794005
fluxes,0.0,0.0,-157.51431807400337,154.8559112948888,154.8559112948888,-157.51431807400337,0.0,115.4028048078339,0.0,0.0,0.0,875.6295560917079,36.56789923723691,-536.0341282635277,154.8559112948888,987.515959910716,0.0,676.7803156377291,0.0,157.51431807400337,0.0,0.0,536.0341282635277,0.0,0.0,0.0,0.0,0.0,0.0,0.0,891.066376772976,0.0,0.0,0.0,-199.3974409608054,-493.757979955358,667.8870025432341,0.0,0.0,-88.94410131473134,88.94410131473134,0.0,0.0,0.0,0.0,115.4028048078339,0.0,0.0,573.7758570662802,0.0,9.350411834961477,0.0,-190.04702912584392,0.0,0.0,0.0,0.0,6.394884621840902e-13,154.8559112948888,0.0,0.0,0.0,0.0,115.4028048078339,0.0,0.0,872.113155102882,0.0,199.3974409608054,493.757979955358,449.41940213020865,0.0,0.0,-7.4964193436335655,-573.7758570662802,0.0,-676.7803156377291,-667.8870025432341,104.78897205422606,0.0,0.0,157.51431807400337,553.0089470894534,0.0,-78.85501791517767,0.0,0.0,0.0,115.4028048078339,-115.4028048078339,-32.827003145267575,511.5940523037539,-32.827003145267575,-46.0280147699101,713.4652321525251,0.0,0.0,78.85501791517767,78.85501791517767,0.0,0.0,0.0,0.0,-802.4093334672565,0.0,0.0,0.0,0.0,0.0,802.4093334672565,0.8700000000000001,True,21.560229303375092,92.52130795820601,92.52130795820601,7.478692041793991
fluxes,0.0,0.0,-159.3248274771529,156.6358642982783,156.6358642982783,-159.3248274771529,0.0,116.72927382861359,0.0,0.0,0.0,885.6942636329917,36.98821991812469,-542.1954400826482,156.6358642982783,998.8667180706092,0.0,684.5593997255189,0.0,159.3248274771529,0.0,0.0,542.1954400826482,0.0,0.0,0.0,0.0,0.0,0.0,0.0,901.3085190347342,0.0,0.0,0.0,-201.68936556955032,-499.4333590353046,675.5638646414319,0.0,0.0,-89.96644730685469,89.96644730685469,0.0,0.0,0.0,0.0,116.72927382861359,0.0,0.0,580.3709818601453,0.0,9.457887833064483,0.0,-192.23147773648583,0.0,0.0,0.0,0.0,1.0089706847793423e-12,156.6358642982783,0.0,0.0,0.0,0.0,116.72927382861359,0.0,0.0,882.1374442419956,0.0,201.68936556955032,499.4333590353046,454.5851423845786,0.0,0.0,-7.5825850832155615,-580.3709818601453,0.0,-684.5593997255189,-675.5638646414319,105.99344299737811,0.0,0.0,159.3248274771529,559.3653717686423,0.0,-79.7613974314441,0.0,0.0,0.0,116.72927382861359,-116.72927382861359,-33.20432502050054,517.4744437095442,-33.20432502050054,-46.557072410943555,721.6659819473816,0.0,0.0,79.7613974314441,79.7613974314441,0.0,0.0,0.0,0.0,-811.6324292542363,0.0,0.0,0.0,0.0,0.0,811.6324292542363,0.8800000000000001,True,21.5602293033751,92.521307958206,92.521307958206,7.478692041794005
fluxes,0.0,0.0,-169.08226283735996,154.06392927756485,154.06392927756485,-169.08226283735996,0.0,113.70385482529028,0.0,0.0,0.0,884.9738573754122,37.408540599012476,-543.2480137865181,154.06392927756485,1000.0,0.0,695.933521746264,0.0,169.08226283735996,0.0,0.0,543.2480137865181,0.0,0.0,0.0,0.0,0.0,0.0,0.0,919.4975872535506,-8.703776048206493,0.0,0.0,-203.98129017829524,-500.0,686.8357646725847,0.0,0.0,-90.98879329897805,90.98879329897805,0.0,0.0,0.0,0.0,113.70385482529028,0.0,0.0,590.5611445869656,0.0,9.56536383116749,0.0,-194.41592634712774,0.0,0.0,0.0,0.0,8.703776048206493,154.06392927756485,0.0,0.0,0.0,0.0,113.70385482529028,0.0,0.0,886.2961451747097,0.0,203.98129017829524,500.0,463.3459205719038,0.0,0.0,-7.668750822797557,-590.5611445869656,0.0,-695.933521746264,-686.8357646725847,107.19791394053027,0.0,0.0,169.08226283735996,569.3168343807863,0.0,-80.66777694771051,0.0,0.0,0.0,113.70385482529028,-113.70385482529028,-33.5816468957335,527.7067231394375,-33.5816468957335,-47.08613005197701,733.4617696751932,0.0,0.0,80.66777694771051,80.66777694771051,0.0,0.0,0.0,0.0,-824.4505629741712,0.0,0.0,0.0,0.0,0.0,824.4505629741712,0.8900000000000001,True,21.457143543927973,92.55706577125852,92.55706577125852,7.442934228741478
fluxes,0.0,0.0,-179.72113969820407,151.0093001017406,151.0093001017406,-179.72113969820407,0.0,110.19574166685621,0.0,0.0,0.0,883.057209081253,37.82886127990025,-543.7339465256924,151.0093001017406,1000.0,0.0,707.7063911125347,0.0,179.72113969820407,0.0,0.0,543.7339465256924,0.0,0.0,0.0,0.0,0.0,0.0,0.0,938.5680969730035,-18.372940406634058,0.0,0.0,-206.27321478704008,-500.0,698.5064120492635,0.0,0.0,-92.01113929110139,92.01113929110139,0.0,0.0,0.0,0.0,110.19574166685621,0.0,0.0,601.1500546593116,0.0,9.672839829270494,0.0,-196.6003749577696,0.0,0.0,0.0,0.0,18.372940406634058,151.0093001017406,0.0,0.0,0.0,0.0,110.19574166685621,0.0,0.0,889.8042583331438,0.0,206.27321478704008,500.0,472.50544610475475,0.0,0.0,-7.7549165623795515,-601.1500546593116,0.0,-707.7063911125347,-698.5064120492635,108.4023848836822,0.0,0.0,179.72113969820407,579.6670443384562,0.0,-81.5741564639769,0.0,0.0,0.0,110.19574166685621,-110.19574166685621,-33.95896877096646,538.4216967244415,-33.95896877096646,-47.615187693010455,745.6563047485306,0.0,0.0,81.5741564639769,81.5741564639769,0.0,0.0,0.0,0.0,-837.667444039632,0.0,0.0,0.0,0.0,0.0,837.667444039632,0.9000000000000001,True,21.34615483256622,92.5955649161753,92.5955649161753,7.404435083824694
fluxes,0.0,0.0,-190.36001655904832,147.95467092591633,147.95467092591633,-190.36001655904832,0.0,106.68762850842211,0.0,0.0,0.0,881.140560787094,38.249181960788036,-544.2198792648669,147.95467092591633,1000.0,0.0,719.4792604788057,0.0,190.36001655904832,0.0,0.0,544.2198792648669,0.0,0.0,0.0,0.0,0.0,0.0,0.0,957.6386066924567,-28.04210476506205,0.0,0.0,-208.565139395785,-500.0,710.1770594259427,0.0,0.0,-93.03348528322475,93.03348528322475,0.0,0.0,0.0,0.0,106.68762850842211,0.0,0.0,611.7389647316579,0.0,9.7803158273735,0.0,-198.7848235684115,0.0,0.0,0.0,0.0,28.04210476506205,147.95467092591633,0.0,0.0,0.0,0.0,106.68762850842211,0.0,0.0,893.3123714915779,0.0,208.565139395785,500.0,481.6649716376061,0.0,0.0,-7.8410823019615465,-611.7389647316579,0.0,-719.4792604788057,-710.1770594259427,109.60685582683425,0.0,0.0,190.36001655904832,590.0172542961265,0.0,-82.48053598024332,0.0,0.0,0.0,106.68762850842211,-106.68762850842211,-34.33629064619942,549.1366703094455,-34.33629064619942,-48.14424533404391,757.8508398218682,0.0,0.0,82.48053598024332,82.48053598024332,0.0,0.0,0.0,0.0,-850.884325105093,0.0,0.0,0.0,0.0,0.0,850.884325105093,0.9100000000000001,True,21.238710463183764,92.63283461952261,92.63283461952261,7.367165380477388
fluxes,0.0,0.0,-200.9988934198928,144.90004175009202,144.90004175009202,-200.9988934198928,0.0,103.17951534998797,0.0,0.0,0.0,879.223912492935,38.66950264167582,-544.7058120040415,144.90004175009202,1000.0,0.0,731.2521298450768,0.0,200.9988934198928,0.0,0.0,544.7058120040415,0.0,0.0,0.0,0.0,0.0,0.0,0.0,976.70911641191,-37.71126912348977,0.0,0.0,-210.85706400452992,-500.0,721.8477068026218,0.0,0.0,-94.0558312753481,94.0558312753481,0.0,0.0,0.0,0.0,103.17951534998797,0.0,0.0,622.3278748040043,0.0,9.887791825476507,0.0,-200.9692721790534,0.0,0.0,0.0,0.0,37.71126912348977,144.90004175009202,0.0,0.0,0.0,0.0,103.17951534998797,0.0,0.0,896.8204846500121,0.0,210.85706400452992,500.0,490.82449717045745,0.0,0.0,-7.9272480415435425,-622.3278748040043,0.0,-731.2521298450768,-721.8477068026218,110.81132676998618,0.0,0.0,200.9988934198928,600.3674642537967,0.0,-83.38691549650974,0.0,0.0,0.0,103.17951534998797,-103.17951534998797,-34.71361252143239,559.8516438944499,-34.71361252143239,-48.67330297507736,770.045374895206,0.0,0.0,83.38691549650974,83.38691549650974,0.0,0.0,0.0,0.0,-864.1012061705541,0.0,0.0,0.0,0.0,0.0,864.1012061705541,0.9200000000000002,True,21.13464332516825,92.66893284769715,92.66893284769715,7.33106715230285
fluxes,0.0,0.0,-211.6377702807369,141.84541257426767,141.84541257426767,-211.6377702807369,0.0,99.67140219155382,0.0,0.0,0.0,877.3072641987762,39.08982332256359,-545.1917447432156,141.84541257426767,1000.0,0.0,743.0249992113476,0.0,211.6377702807369,0.0,0.0,545.1917447432156,0.0,0.0,0.0,0.0,0.0,0.0,0.0,995.779626131363,-47.38043348191658,0.0,0.0,-213.14898861327472,-500.0,733.5183541793007,0.0,0.0,-95.07817726747142,95.07817726747142,0.0,0.0,0.0,0.0,99.67140219155382,0.0,0.0,632.9167848763504,0.0,9.995267823579509,0.0,-203.15372078969523,0.0,0.0,0.0,0.0,47.38043348191658,141.84541257426767,0.0,0.0,0.0,0.0,99.67140219155382,0.0,0.0,900.3285978084461,0.0,213.14898861327472,500.0,499.9840227033085,0.0,0.0,-8.013413781125536,-632.9167848763504,0.0,-743.0249992113476,-733.5183541793007,112.01579771313823,0.0,0.0,211.6377702807369,610.7176742114666,0.0,-84.29329501277613,0.0,0.0,0.0,99.67140219155382,-99.67140219155382,-35.09093439666534,570.5666174794537,-35.09093439666534,-49.202360616110795,782.2399099685433,0.0,0.0,84.29329501277613,84.29329501277613,0.0,0.0,0.0,0.0,-877.3180872360148,0.0,0.0,0.0,0.0,0.0,877.3180872360148,0.9300000000000002,True,21.033796650723502,92.7039139794374,92.7039139794374,7.296086020562598
fluxes,-19.093031808192507,-19.09303180819263,-207.4265112907648,140.55865671401682,140.55865671401682,-207.4265112907648,0.0,97.93116234869312,0.0,0.0,0.0,876.4513398939615,39.51014400345139,-555.2241933864864,140.55865671401682,1000.0,0.0,760.8086378505682,1.2434497875801753e-13,207.4265112907648,19.09303180819263,0.0,555.2241933864864,-1.2434497875801753e-13,0.0,0.0,0.0,0.0,0.0,0.0,1000.0,-53.51385120919831,0.0,0.0,-215.4409132220197,-500.0,751.1997708289294,0.0,0.0,-96.10052325959481,96.10052325959481,0.0,0.0,0.0,0.0,97.93116234869312,0.0,0.0,649.5164642216463,0.0,10.10274382168252,0.0,-205.3381694003372,0.0,0.0,0.0,0.0,53.51385120919831,140.55865671401682,0.0,0.0,0.0,0.0,97.93116234869312,0.0,0.0,902.0688376513069,0.0,215.4409132220197,500.0,515.1543175091092,0.0,0.0,-8.099579520707534,-649.5164642216463,0.0,-760.8086378505682,-751.1997708289294,113.22026865629027,0.0,0.0,207.4265112907648,627.0786534420863,0.0,-85.19967452904257,0.0,0.0,0.0,97.93116234869312,-97.93116234869312,-35.46825627189831,579.5137177488846,-35.46825627189831,-49.73141825714427,800.4452143148305,0.0,0.0,85.19967452904257,85.19967452904257,0.0,0.0,0.0,0.0,-896.5457375744254,0.0,0.0,0.0,0.0,0.0,896.5457375744254,0.9400000000000002,True,20.782542097398217,92.79106775697744,92.79106775697744,7.208932243022559
fluxes,-43.612258590346414,-43.612258590346435,-198.99487843215599,139.77432631431793,139.77432631431793,-198.99487843215599,0.0,96.69334796638444,0.0,0.0,0.0,875.8968708654776,39.93046468433914,-567.9697395167378,139.77432631431793,1000.0,0.0,780.3005230556653,2.1316282072803006e-14,198.99487843215599,43.612258590346435,0.0,567.9697395167378,-2.1316282072803006e-14,0.0,0.0,0.0,0.0,0.0,0.0,1000.0,-58.64241801537392,0.0,0.0,-217.73283783076448,-500.0,770.5894340444347,0.0,0.0,-97.1228692517181,97.1228692517181,0.0,0.0,0.0,0.0,96.69334796638444,0.0,0.0,667.8243901328187,0.0,10.210219819785518,0.0,-207.52261801097896,0.0,0.0,0.0,0.0,58.64241801537392,139.77432631431793,0.0,0.0,0.0,0.0,96.69334796638444,0.0,0.0,903.3066520336156,0.0,217.73283783076448,500.0,532.0328588807866,0.0,0.0,-8.185745260289524,-667.8243901328187,0.0,-780.3005230556653,-770.5894340444347,114.4247395994422,0.0,0.0,198.99487843215599,645.1478792385826,0.0,-86.10605404530894,0.0,0.0,0.0,96.69334796638444,-96.69334796638444,-35.84557814713125,587.9583925577633,-35.84557814713125,-50.26047589817768,820.3587652269944,0.0,0.0,86.10605404530894,86.10605404530894,0.0,0.0,0.0,0.0,-917.4816344787124,0.0,0.0,0.0,0.0,0.0,917.4816344787124,0.9500000000000002,True,20.500550684978943,92.88888336469846,92.88888336469846,7.111116635301542
fluxes,-68.1314853725006,-68.13148537250072,-190.56324557354705,138.98999591461896,138.98999591461896,-190.56324557354705,0.0,95.45553358407562,0.0,0.0,0.0,875.3424018369941,40.350785365226926,-580.7152856469893,138.98999591461896,1000.0,0.0,799.7924082607627,1.1368683772161603e-13,190.56324557354705,68.13148537250072,0.0,580.7152856469893,-1.1368683772161603e-13,0.0,0.0,0.0,0.0,0.0,0.0,1000.0,-63.77098482155043,0.0,0.0,-220.02476243950937,-500.0,789.9790972599401,0.0,0.0,-98.14521524384146,98.14521524384146,0.0,0.0,0.0,0.0,95.45553358407562,0.0,0.0,686.1323160439914,0.0,10.317695817888524,0.0,-209.70706662162084,0.0,0.0,0.0,0.0,63.77098482155043,138.98999591461896,0.0,0.0,0.0,0.0,95.45553358407562,0.0,0.0,904.5444664159244,0.0,220.02476243950937,500.0,548.9114002524643,0.0,0.0,-8.271910999871519,-686.1323160439914,0.0,-799.7924082607627,-789.9790972599401,115.62921054259425,0.0,0.0,190.56324557354705,663.2171050350792,0.0,-87.01243356157535,0.0,0.0,0.0,95.45553358407562,-95.45553358407562,-36.222900022364215,596.403067366642,-36.222900022364215,-50.789533539211135,840.2723161391583,0.0,0.0,87.01243356157535,87.01243356157535,0.0,0.0,0.0,0.0,-938.4175313829998,0.0,0.0,0.0,0.0,0.0,938.4175313829998,0.9600000000000002,True,20.231751885438236,92.9821227924746,92.9821227924746,7.017877207525402
fluxes,-92.65071215465463,-92.65071215465485,-182.13161271493817,138.20566551492004,138.20566551492004,-182.13161271493817,0.0,94.21771920176688,0.0,0.0,0.0,874.7879328085104,40.771106046114724,-593.4608317772404,138.20566551492004,1000.0,0.0,819.2842934658598,2.2737367544323206e-13,182.13161271493817,92.65071215465485,0.0,593.4608317772404,-2.2737367544323206e-13,0.0,0.0,0.0,0.0,0.0,0.0,1000.0,-68.89955162772837,0.0,0.0,-222.31668704825438,-500.0,809.3687604754454,0.0,0.0,-99.16756123596485,99.16756123596485,0.0,0.0,0.0,0.0,94.21771920176688,0.0,0.0,704.4402419551639,0.0,10.425171815991535,0.0,-211.89151523226283,0.0,0.0,0.0,0.0,68.89955162772837,138.20566551492004,0.0,0.0,0.0,0.0,94.21771920176688,0.0,0.0,905.7822807982332,0.0,222.31668704825438,500.0,565.7899416241415,0.0,0.0,-8.358076739453518,-704.4402419551639,0.0,-819.2842934658598,-809.3687604754454,116.8336814857463,0.0,0.0,182.13161271493817,681.2863308315754,0.0,-87.91881307784179,0.0,0.0,0.0,94.21771920176688,-94.21771920176688,-36.60022189759719,604.8477421755207,-36.60022189759719,-51.31859118024461,860.1858670513221,0.0,0.0,87.91881307784179,87.91881307784179,0.0,0.0,0.0,0.0,-959.353428287287,0.0,0.0,0.0,0.0,0.0,959.353428287287,0.9700000000000002,True,19.975241060308193,93.07109983624999,93.07109983624999,6.928900163750015
fluxes,-117.16993893680842,-117.16993893680866,-173.69997985632935,137.42133511522115,137.42133511522115,-173.69997985632935,0.0,92.97990481945816,0.0,0.0,0.0,874.2334637800267,41.1914267270025,-606.2063779074916,137.42133511522115,1000.0,0.0,838.7761786709569,2.4158453015843406e-13,173.69997985632935,117.16993893680866,0.0,606.2063779074916,-2.4158453015843406e-13,0.0,0.0,0.0,0.0,0.0,0.0,1000.0,-74.0281184339053,0.0,0.0,-224.60861165699922,-500.0,828.7584236909505,0.0,0.0,-100.18990722808819,100.18990722808819,0.0,0.0,0.0,0.0,92.97990481945816,0.0,0.0,722.7481678663362,0.0,10.532647814094538,0.0,-214.07596384290468,0.0,0.0,0.0,0.0,74.0281184339053,137.42133511522115,0.0,0.0,0.0,0.0,92.97990481945816,0.0,0.0,907.0200951805418,0.0,224.60861165699922,500.0,582.6684829958189,0.0,0.0,-8.444242479035513,-722.7481678663362,0.0,-838.7761786709569,-828.7584236909505,118.03815242889834,0.0,0.0,173.69997985632935,699.3555566280716,0.0,-88.8251925941082,0.0,0.0,0.0,92.97990481945816,-92.97990481945816,-36.977543772830145,613.2924169843993,-36.977543772830145,-51.84764882127806,880.0994179634858,0.0,0.0,88.8251925941082,88.8251925941082,0.0,0.0,0.0,0.0,-980.289325191574,0.0,0.0,0.0,0.0,0.0,980.289325191574,0.9800000000000002,True,19.730194432848343,93.15610024310399,93.15610024310399,6.843899756896008
fluxes,-138.93241600327445,-132.50000000000313,-165.26834699772076,138.16853233534874,138.16853233534874,-165.26834699772076,0.0,93.27361805697593,0.0,-6.432416003271328,0.0,874.5979113234387,41.61174740789028,-620.7897571815349,138.16853233534874,1000.0,0.0,857.0428417801929,-6.432416003271328,165.26834699772076,132.50000000000313,0.0,620.7897571815349,6.432416003271328,0.0,0.0,0.0,0.0,0.0,0.0,1000.0,-82.52604600370047,0.0,0.0,-226.9005362657441,-500.0,846.9228648105941,0.0,0.0,-101.21225322021152,101.21225322021152,0.0,0.0,0.0,0.0,93.27361805697593,0.0,0.0,739.8308716816476,0.0,10.640123812197544,0.0,-216.26041245354656,0.0,0.0,0.0,0.0,82.52604600370047,138.16853233534874,0.0,0.0,0.0,0.0,93.27361805697593,0.0,0.0,906.7263819430241,0.0,226.9005362657441,500.0,598.3218022716352,0.0,0.0,-8.530408218617506,-739.8308716816476,0.0,-857.0428417801929,-846.9228648105941,119.24262337205039,0.0,0.0,165.26834699772076,716.1995603287068,0.0,-89.7315721103746,0.0,0.0,0.0,93.27361805697593,-93.27361805697593,-37.354865648063104,620.2055641734516,-37.354865648063104,-52.376706462311496,898.7877467797884,0.0,0.0,89.7315721103746,89.7315721103746,0.0,0.0,0.0,0.0,-1000.0,0.0,0.0,0.0,0.0,0.0,1000.0,0.9900000000000002,True,19.521844058191185,93.22837165853876,93.22837165853876,6.771628341461238
fluxes,-136.6737618780259,-119.25000000000705,-164.4251837118601,140.707086408414,140.707086408414,-164.4251837118601,0.0,95.7668237317802,0.0,-17.423761878018865,0.0,876.1126566884116,41.653779475979036,-625.204696330202,140.707086408414,1000.0,0.0,856.898440610274,-17.423761878018865,164.4251837118601,119.25000000000705,0.0,625.204696330202,17.423761878018865,0.0,0.0,0.0,0.0,0.0,0.0,1000.0,-88.79627433299474,0.0,0.0,-227.12972872661848,-500.0,846.7682414417159,0.0,0.0,-101.31448781942382,101.31448781942382,0.0,0.0,0.0,0.0,95.7668237317802,0.0,0.0,739.5680745823363,0.0,10.650871412007838,0.0,-216.47885731461065,0.0,0.0,0.0,0.0,88.79627433299474,140.707086408414,0.0,0.0,0.0,0.0,95.7668237317802,0.0,0.0,904.2331762682198,0.0,227.12972872661848,500.0,597.9160667183744,0.0,0.0,-8.539024792575702,-739.5680745823363,0.0,-856.898440610274,-846.7682414417159,119.36307046636546,0.0,0.0,164.4251837118601,715.9128932179278,0.0,-89.82221006200119,0.0,0.0,0.0,95.7668237317802,-95.7668237317802,-37.392597835586386,618.4330445413041,-37.392597835586386,-52.42961222641482,898.6855121805762,0.0,0.0,89.82221006200119,89.82221006200119,0.0,0.0,0.0,0.0,-1000.0,0.0,0.0,0.0,0.0,0.0,1000.0,0.991,True,19.54329615388806,93.22093047527903,93.22093047527903,6.779069524720967
fluxes,-134.41510775277663,-106.00000000000651,-163.5820204259992,143.24564048148014,143.24564048148014,-163.5820204259992,0.0,98.26002940658536,0.0,-28.415107752770126,0.0,877.627402053385,41.69581154406782,-629.61963547887,143.24564048148014,1000.0,0.0,856.7540394403551,-28.415107752770126,163.5820204259992,106.00000000000651,0.0,629.61963547887,28.415107752770126,0.0,0.0,0.0,0.0,0.0,0.0,1000.0,-95.06650266229182,0.0,0.0,-227.35892118749302,-500.0,846.6136180728377,0.0,0.0,-101.41672241863617,101.41672241863617,0.0,0.0,0.0,0.0,98.26002940658536,0.0,0.0,739.3052774830248,0.0,10.661619011818141,0.0,-216.69730217567488,0.0,0.0,0.0,0.0,95.06650266229182,143.24564048148014,0.0,0.0,0.0,0.0,98.26002940658536,0.0,0.0,901.7399705934147,0.0,227.35892118749302,500.0,597.5103311651133,0.0,0.0,-8.547641366533902,-739.3052774830248,0.0,-856.7540394403551,-846.6136180728377,119.48351756068087,0.0,0.0,163.5820204259992,715.6262261071486,0.0,-89.91284801362785,0.0,0.0,0.0,98.26002940658536,-98.26002940658536,-37.43033002310969,616.660524909156,-37.43033002310969,-52.482517990518176,898.5832775813639,0.0,0.0,89.91284801362785,89.91284801362785,0.0,0.0,0.0,0.0,-1000.0,0.0,0.0,0.0,0.0,0.0,1000.0,0.992,True,19.56475205491966,93.21348797204605,93.21348797204605,6.786512027953947
fluxes,-132.15645362752718,-92.75000000000598,-162.73885714013824,145.7841945545463,145.7841945545463,-162.73885714013824,0.0,100.75323508139053,0.0,-39.4064536275212,0.0,879.142147418358,41.73784361215661,-634.0345746275386,145.7841945545463,1000.0,0.0,856.609638270436,-39.4064536275212,162.73885714013824,92.75000000000598,0.0,634.0345746275386,39.4064536275212,0.0,0.0,0.0,0.0,0.0,0.0,1000.0,-101.3367309915896,0.0,0.0,-227.58811364836754,-500.0,846.4589947039598,0.0,0.0,-101.51895701784852,101.51895701784852,0.0,0.0,0.0,0.0,100.75323508139053,0.0,0.0,739.0424803837132,0.0,10.672366611628444,0.0,-216.9157470367391,0.0,0.0,0.0,0.0,101.3367309915896,145.7841945545463,0.0,0.0,0.0,0.0,100.75323508139053,0.0,0.0,899.2467649186094,0.0,227.58811364836754,500.0,597.1045956118522,0.0,0.0,-8.556257940492104,-739.0424803837132,0.0,-856.609638270436,-846.4589947039598,119.60396465499593,0.0,0.0,162.73885714013824,715.3395589963695,0.0,-90.00348596525451,0.0,0.0,0.0,100.75323508139053,-100.75323508139053,-37.46806221063299,614.888005277008,-37.46806221063299,-52.53542375462153,898.4810429821515,0.0,0.0,90.00348596525451,90.00348596525451,0.0,0.0,0.0,0.0,-1000.0,0.0,0.0,0.0,0.0,0.0,1000.0,0.993,True,19.586211762298596,93.20604414848853,93.20604414848853,6.79395585151147
fluxes,-129.89779950227836,-79.50000000000767,-161.89569385427745,148.32274862761196,148.32274862761196,-161.89569385427745,0.0,103.24644075619521,0.0,-50.397799502270686,0.0,880.656892783331,41.77987568024538,-638.4495137762062,148.32274862761196,1000.0,0.0,856.465237100517,-50.397799502270686,161.89569385427745,79.50000000000767,0.0,638.4495137762062,50.397799502270686,0.0,0.0,0.0,0.0,0.0,0.0,1000.0,-107.60695932088542,0.0,0.0,-227.81730610924203,-500.0,846.3043713350813,0.0,0.0,-101.62119161706084,101.62119161706084,0.0,0.0,0.0,0.0,103.24644075619521,0.0,0.0,738.7796832844018,0.0,10.683114211438744,0.0,-217.13419189780328,0.0,0.0,0.0,0.0,107.60695932088542,148.32274862761196,0.0,0.0,0.0,0.0,103.24644075619521,0.0,0.0,896.7535592438048,0.0,227.81730610924203,500.0,596.6988600585913,0.0,0.0,-8.564874514450302,-738.7796832844018,0.0,-856.465237100517,-846.3043713350813,119.72441174931112,0.0,0.0,161.89569385427745,715.0528918855905,0.0,-90.09412391688114,0.0,0.0,0.0,103.24644075619521,-103.24644075619521,-37.50579439815628,613.1154856448601,-37.50579439815628,-52.58832951872487,898.3788083829392,0.0,0.0,90.09412391688114,90.09412391688114,0.0,0.0,0.0,0.0,-1000.0,0.0,0.0,0.0,0.0,0.0,1000.0,0.994,True,19.60767527703783,93.1985990042551,93.1985990042551,6.801400995744899
fluxes,-127.63914537702908,-66.25000000000713,-161.05253056841656,150.86130270067804,150.86130270067804,-161.05253056841656,0.0,105.73964643100034,0.0,-61.38914537702195,0.0,882.1716381483044,41.82190774833414,-642.8644529248749,150.86130270067804,1000.0,0.0,856.320835930598,-61.38914537702195,161.05253056841656,66.25000000000713,0.0,642.8644529248749,61.38914537702195,0.0,0.0,0.0,0.0,0.0,0.0,1000.0,-113.87718765018111,0.0,0.0,-228.0464985701164,-500.0,846.1497479662031,0.0,0.0,-101.72342621627314,101.72342621627314,0.0,0.0,0.0,0.0,105.73964643100034,0.0,0.0,738.5168861850905,0.0,10.69386181124904,0.0,-217.35263675886736,0.0,0.0,0.0,0.0,113.87718765018111,150.86130270067804,0.0,0.0,0.0,0.0,105.73964643100034,0.0,0.0,894.2603535689997,0.0,228.0464985701164,500.0,596.2931245053305,0.0,0.0,-8.573491088408499,-738.5168861850905,0.0,-856.320835930598,-846.1497479662031,119.8448588436263,0.0,0.0,161.05253056841656,714.7662247748115,0.0,-90.18476186850775,0.0,0.0,0.0,105.73964643100034,-105.73964643100034,-37.54352658567956,611.342966012712,-37.54352658567956,-52.64123528282819,898.2765737837269,0.0,0.0,90.18476186850775,90.18476186850775,0.0,0.0,0.0,0.0,-1000.0,0.0,0.0,0.0,0.0,0.0,1000.0,0.995,True,19.629142600150704,93.19115253899427,93.19115253899427,6.808847461005726
fluxes,-125.3804912517798,-53.0000000000066,-160.2093672825556,153.39985677374418,153.39985677374418,-160.2093672825556,0.0,108.23285210580548,0.0,-72.38049125177321,0.0,883.6863835132774,41.86393981642293,-647.2793920735432,153.39985677374418,1000.0,0.0,856.1764347606791,-72.38049125177321,160.2093672825556,53.0000000000066,0.0,647.2793920735432,72.38049125177321,0.0,0.0,0.0,0.0,0.0,0.0,1000.0,-120.14741597947864,0.0,0.0,-228.27569103099094,-500.0,845.995124597325,0.0,0.0,-101.82566081548549,101.82566081548549,0.0,0.0,0.0,0.0,108.23285210580548,0.0,0.0,738.254089085779,0.0,10.704609411059343,0.0,-217.5710816199316,0.0,0.0,0.0,0.0,120.14741597947864,153.39985677374418,0.0,0.0,0.0,0.0,108.23285210580548,0.0,0.0,891.7671478941945,0.0,228.27569103099094,500.0,595.8873889520695,0.0,0.0,-8.582107662366699,-738.254089085779,0.0,-856.1764347606791,-845.995124597325,119.96530593794148,0.0,0.0,160.2093672825556,714.4795576640324,0.0,-90.27539982013441,0.0,0.0,0.0,108.23285210580548,-108.23285210580548,-37.58125877320286,609.5704463805639,-37.58125877320286,-52.69414104693155,898.1743391845146,0.0,0.0,90.27539982013441,90.27539982013441,0.0,0.0,0.0,0.0,-1000.0,0.0,0.0,0.0,0.0,0.0,1000.0,0.996,True,19.65061373265093,93.18370475235444,93.18370475235444,6.816295247645556
fluxes,-123.12183712653047,-39.75000000000606,-159.3662039966947,155.93841084681029,155.93841084681029,-159.3662039966947,0.0,110.72605778061059,0.0,-83.37183712652441,0.0,885.2011288782508,41.905971884511715,-651.6943312222113,155.93841084681029,1000.0,0.0,856.0320335907601,-83.37183712652441,159.3662039966947,39.75000000000606,0.0,651.6943312222113,83.37183712652441,0.0,0.0,0.0,0.0,0.0,0.0,1000.0,-126.41764430877579,0.0,0.0,-228.50488349186546,-500.0,845.8405012284468,0.0,0.0,-101.92789541469784,101.92789541469784,0.0,0.0,0.0,0.0,110.72605778061059,0.0,0.0,737.9912919864673,0.0,10.715357010869644,0.0,-217.78952648099582,0.0,0.0,0.0,0.0,126.41764430877579,155.93841084681029,0.0,0.0,0.0,0.0,110.72605778061059,0.0,0.0,889.2739422193894,0.0,228.50488349186546,500.0,595.4816533988084,0.0,0.0,-8.5907242363249,-737.9912919864673,0.0,-856.0320335907601,-845.8405012284468,120.08575303225689,0.0,0.0,159.3662039966947,714.1928905532532,0.0,-90.36603777176107,0.0,0.0,0.0,110.72605778061059,-110.72605778061059,-37.618990960726165,607.7979267484159,-37.618990960726165,-52.7470468110349,898.0721045853022,0.0,0.0,90.36603777176107,90.36603777176107,0.0,0.0,0.0,0.0,-1000.0,0.0,0.0,0.0,0.0,0.0,1000.0,0.997,True,19.67208867555256,93.17625564398384,93.17625564398384,6.823744356016164
fluxes,-120.86318300128147,-26.500000000007763,-158.52304071083393,158.47696491987597,158.47696491987597,-158.52304071083393,0.0,113.21926345541529,0.0,-94.36318300127371,0.0,886.7158742432237,41.94800395260049,-656.1092703708791,158.47696491987597,1000.0,0.0,855.887632420841,-94.36318300127371,158.52304071083393,26.500000000007763,0.0,656.1092703708791,94.36318300127371,0.0,0.0,0.0,0.0,0.0,0.0,1000.0,-132.68787263807172,0.0,0.0,-228.73407595273994,-500.0,845.6858778595687,0.0,0.0,-102.03013001391017,102.03013001391017,0.0,0.0,0.0,0.0,113.21926345541529,0.0,0.0,737.728494887156,0.0,10.726104610679943,0.0,-218.00797134206,0.0,0.0,0.0,0.0,132.68787263807172,158.47696491987597,0.0,0.0,0.0,0.0,113.21926345541529,0.0,0.0,886.7807365445847,0.0,228.73407595273994,500.0,595.0759178455475,0.0,0.0,-8.599340810283099,-737.728494887156,0.0,-855.887632420841,-845.6858778595687,120.20620012657196,0.0,0.0,158.52304071083393,713.9062234424741,0.0,-90.45667572338769,0.0,0.0,0.0,113.21926345541529,-113.21926345541529,-37.65672314824946,606.0254071162681,-37.65672314824946,-52.79995257513824,897.9698699860899,0.0,0.0,90.45667572338769,90.45667572338769,0.0,0.0,0.0,0.0,-1000.0,0.0,0.0,0.0,0.0,0.0,1000.0,0.998,True,19.693567429869983,93.16880521353052,93.16880521353052,6.8311947864694815
fluxes,-118.6045288760323,-13.250000000007223,-157.679877424973,161.01551899294208,161.01551899294208,-157.679877424973,0.0,115.71246913022044,0.0,-105.35452887602509,0.0,888.2306196081968,41.99003602068925,-660.5242095195474,161.01551899294208,1000.0,0.0,855.7432312509221,-105.35452887602509,157.679877424973,13.250000000007223,0.0,660.5242095195474,105.35452887602509,0.0,0.0,0.0,0.0,0.0,0.0,1000.0,-138.95810096736778,0.0,0.0,-228.96326841361434,-500.0,845.5312544906905,0.0,0.0,-102.13236461312248,102.13236461312248,0.0,0.0,0.0,0.0,115.71246913022044,0.0,0.0,737.4656977878446,0.0,10.736852210490241,0.0,-218.2264162031241,0.0,0.0,0.0,0.0,138.95810096736778,161.01551899294208,0.0,0.0,0.0,0.0,115.71246913022044,0.0,0.0,884.2875308697795,0.0,228.96326841361434,500.0,594.6701822922865,0.0,0.0,-8.607957384241296,-737.4656977878446,0.0,-855.7432312509221,-845.5312544906905,120.32664722088725,0.0,0.0,157.679877424973,713.6195563316951,0.0,-90.54731367501431,0.0,0.0,0.0,115.71246913022044,-115.71246913022044,-37.694455335772744,604.25288748412,-37.694455335772744,-52.85285833924157,897.8676353868775,0.0,0.0,90.54731367501431,90.54731367501431,0.0,0.0,0.0,0.0,-1000.0,0.0,0.0,0.0,0.0,0.0,1000.0,0.999,True,19.715049996618003,93.1613534606426,93.1613534606426,6.8386465393573985
fluxes,-116.34587475078297,-6.684650666333168e-12,-156.83671413911208,163.5540730660082,163.5540730660082,-156.83671413911208,0.0,118.20567480502555,0.0,-116.34587475077629,0.0,889.74536497317,42.03206808877803,-664.939148668216,163.5540730660082,1000.0,0.0,855.598830081003,-116.34587475077629,156.83671413911208,6.684650666333168e-12,0.0,664.939148668216,116.34587475077629,0.0,0.0,0.0,0.0,0.0,0.0,1000.0,-145.2283292966645,0.0,0.0,-229.19246087448886,-500.0,845.3766311218124,0.0,0.0,-102.23459921233481,102.23459921233481,0.0,0.0,0.0,0.0,118.20567480502555,0.0,0.0,737.2029006885332,0.0,10.747599810300542,0.0,-218.4448610641883,0.0,0.0,0.0,0.0,145.2283292966645,163.5540730660082,0.0,0.0,0.0,0.0,118.20567480502555,0.0,0.0,881.7943251949745,0.0,229.19246087448886,500.0,594.2644467390256,0.0,0.0,-8.616573958199496,-737.2029006885332,0.0,-855.598830081003,-845.3766311218124,120.44709431520232,0.0,0.0,156.83671413911208,713.3328892209161,0.0,-90.63795162664096,0.0,0.0,0.0,118.20567480502555,-118.20567480502555,-37.73218752329604,602.4803678519719,-37.73218752329604,-52.905764103344914,897.7654007876652,0.0,0.0,90.63795162664096,90.63795162664096,0.0,0.0,0.0,0.0,-1000.0,0.0,0.0,0.0,0.0,0.0,1000.0,1.0,True,19.73653637681176,93.15390038496788,93.15390038496788,6.8460996150321165
fluxes,0.0,0.0,0.0,200.58463929201673,200.58463929201673,0.0,0.0,167.76325493191476,0.0,0.0,0.0,906.2805462638607,30.421155213738235,-530.1698975426033,200.58463929201673,990.0000000000001,0.0,503.7405773434823,0.0,0.0,0.0,0.0,530.1698975426033,0.0,0.0,0.0,0.0,0.0,0.0,0.0,610.2483735875876,143.517304501278,0.0,0.0,-165.88047514947183,-495.00000000000006,496.3421523955006,0.0,0.0,-73.99337582637551,73.99337582637551,0.0,0.0,0.0,0.0,167.76325493191476,0.0,0.0,418.05026733742443,0.0,7.778689388152866,0.0,-158.10178576131898,0.0,0.0,0.0,0.0,-143.517304501278,200.58463929201673,0.0,0.0,0.0,0.0,167.76325493191476,0.0,0.0,822.2367450680854,0.0,165.88047514947183,495.00000000000006,314.597044802065,0.0,0.0,-6.236336818816338,-418.05026733742443,0.0,-503.7405773434823,-496.3421523955006,87.17486238048808,0.0,0.0,0.0,400.77409329154267,0.0,-65.60017910290513,0.0,0.0,0.0,167.76325493191476,-167.76325493191476,-27.309071035372813,353.8409144783631,-27.309071035372813,-38.29110806753232,534.2590802539045,0.0,0.0,65.60017910290513,65.60017910290513,0.0,0.0,0.0,0.0,-608.25245608028,0.0,0.0,0.0,0.0,0.0,608.25245608028,0.99,False,23.887156810435478,91.71415632804408,91.71415632804408,8.285843671955917
